,Rate_10Y,Rate_2Y,Yield_Curve
2014-01-01,,,
2014-01-02,3.0,0.39,2.61
2014-01-03,3.01,0.41,2.5999999999999996
2014-01-06,2.98,0.4,2.58
2014-01-07,2.96,0.4,2.56
2014-01-08,3.01,0.43,2.5799999999999996
2014-01-09,2.97,0.44,2.5300000000000002
2014-01-10,2.88,0.39,2.4899999999999998
2014-01-13,2.84,0.39,2.4499999999999997
2014-01-14,2.88,0.39,2.4899999999999998
2014-01-15,2.9,0.41,2.4899999999999998
2014-01-16,2.86,0.41,2.4499999999999997
2014-01-17,2.84,0.4,2.44
2014-01-20,,,
2014-01-21,2.85,0.4,2.45
2014-01-22,2.87,0.44,2.43
2014-01-23,2.79,0.39,2.4
2014-01-24,2.75,0.37,2.38
2014-01-27,2.78,0.37,2.4099999999999997
2014-01-28,2.77,0.38,2.39
2014-01-29,2.69,0.36,2.33
2014-01-30,2.72,0.36,2.3600000000000003
2014-01-31,2.67,0.34,2.33
2014-02-03,2.61,0.3,2.31
2014-02-04,2.64,0.31,2.33
2014-02-05,2.7,0.32,2.3800000000000003
2014-02-06,2.73,0.33,2.4
2014-02-07,2.71,0.3,2.41
2014-02-10,2.7,0.32,2.3800000000000003
2014-02-11,2.75,0.35,2.4
2014-02-12,2.8,0.35,2.4499999999999997
2014-02-13,2.73,0.32,2.41
2014-02-14,2.75,0.32,2.43
2014-02-17,,,
2014-02-18,2.71,0.31,2.4
2014-02-19,2.73,0.33,2.4
2014-02-20,2.76,0.34,2.42
2014-02-21,2.73,0.33,2.4
2014-02-24,2.75,0.35,2.4
2014-02-25,2.7,0.34,2.3600000000000003
2014-02-26,2.67,0.33,2.34
2014-02-27,2.65,0.33,2.32
2014-02-28,2.66,0.33,2.33
2014-03-03,2.6,0.32,2.2800000000000002
2014-03-04,2.7,0.33,2.37
2014-03-05,2.7,0.33,2.37
2014-03-06,2.74,0.37,2.37
2014-03-07,2.8,0.38,2.42
2014-03-10,2.79,0.37,2.42
2014-03-11,2.77,0.37,2.4
2014-03-12,2.73,0.37,2.36
2014-03-13,2.66,0.34,2.3200000000000003
2014-03-14,2.65,0.36,2.29
2014-03-17,2.7,0.38,2.3200000000000003
2014-03-18,2.68,0.36,2.3200000000000003
2014-03-19,2.78,0.47,2.3099999999999996
2014-03-20,2.79,0.45,2.34
2014-03-21,2.75,0.45,2.3
2014-03-24,2.74,0.47,2.2700000000000005
2014-03-25,2.75,0.47,2.2800000000000002
2014-03-26,2.71,0.45,2.26
2014-03-27,2.69,0.45,2.2399999999999998
2014-03-28,2.73,0.45,2.28
2014-03-31,2.73,0.44,2.29
2014-04-01,2.77,0.44,2.33
2014-04-02,2.82,0.47,2.3499999999999996
2014-04-03,2.8,0.46,2.34
2014-04-04,2.74,0.43,2.31
2014-04-07,2.71,0.41,2.3
2014-04-08,2.69,0.4,2.29
2014-04-09,2.71,0.37,2.34
2014-04-10,2.65,0.37,2.28
2014-04-11,2.63,0.37,2.26
2014-04-14,2.65,0.37,2.28
2014-04-15,2.64,0.39,2.25
2014-04-16,2.65,0.39,2.26
2014-04-17,2.73,0.43,2.3
2014-04-18,,,
2014-04-21,2.73,0.42,2.31
2014-04-22,2.73,0.45,2.28
2014-04-23,2.7,0.43,2.27
2014-04-24,2.7,0.43,2.27
2014-04-25,2.68,0.43,2.25
2014-04-28,2.7,0.44,2.2600000000000002
2014-04-29,2.71,0.44,2.27
2014-04-30,2.67,0.42,2.25
2014-05-01,2.63,0.41,2.2199999999999998
2014-05-02,2.6,0.42,2.18
2014-05-05,2.63,0.43,2.1999999999999997
2014-05-06,2.61,0.43,2.1799999999999997
2014-05-07,2.62,0.41,2.21
2014-05-08,2.61,0.4,2.21
2014-05-09,2.62,0.4,2.22
2014-05-12,2.66,0.41,2.25
2014-05-13,2.61,0.39,2.2199999999999998
2014-05-14,2.54,0.39,2.15
2014-05-15,2.5,0.38,2.12
2014-05-16,2.52,0.38,2.14
2014-05-19,2.54,0.36,2.18
2014-05-20,2.52,0.35,2.17
2014-05-21,2.54,0.37,2.17
2014-05-22,2.56,0.37,2.19
2014-05-23,2.54,0.37,2.17
2014-05-26,,,
2014-05-27,2.52,0.39,2.13
2014-05-28,2.44,0.37,2.07
2014-05-29,2.45,0.37,2.08
2014-05-30,2.48,0.37,2.11
2014-06-02,2.54,0.39,2.15
2014-06-03,2.6,0.41,2.19
2014-06-04,2.61,0.41,2.1999999999999997
2014-06-05,2.59,0.4,2.19
2014-06-06,2.6,0.41,2.19
2014-06-09,2.62,0.43,2.19
2014-06-10,2.64,0.45,2.19
2014-06-11,2.65,0.44,2.21
2014-06-12,2.58,0.42,2.16
2014-06-13,2.6,0.45,2.15
2014-06-16,2.61,0.49,2.12
2014-06-17,2.66,0.51,2.1500000000000004
2014-06-18,2.61,0.48,2.13
2014-06-19,2.64,0.48,2.16
2014-06-20,2.63,0.5,2.13
2014-06-23,2.63,0.48,2.15
2014-06-24,2.59,0.49,2.0999999999999996
2014-06-25,2.57,0.48,2.09
2014-06-26,2.53,0.46,2.07
2014-06-27,2.54,0.45,2.09
2014-06-30,2.53,0.47,2.0599999999999996
2014-07-01,2.58,0.47,2.1100000000000003
2014-07-02,2.64,0.49,2.1500000000000004
2014-07-03,2.65,0.52,2.13
2014-07-04,,,
2014-07-07,2.63,0.52,2.11
2014-07-08,2.58,0.51,2.0700000000000003
2014-07-09,2.57,0.51,2.0599999999999996
2014-07-10,2.55,0.46,2.09
2014-07-11,2.53,0.48,2.05
2014-07-14,2.55,0.48,2.07
2014-07-15,2.56,0.49,2.0700000000000003
2014-07-16,2.55,0.5,2.05
2014-07-17,2.47,0.47,2.0
2014-07-18,2.5,0.51,1.99
2014-07-21,2.49,0.51,1.9800000000000002
2014-07-22,2.48,0.49,1.99
2014-07-23,2.48,0.5,1.98
2014-07-24,2.52,0.53,1.99
2014-07-25,2.48,0.53,1.95
2014-07-28,2.5,0.54,1.96
2014-07-29,2.47,0.54,1.9300000000000002
2014-07-30,2.57,0.56,2.01
2014-07-31,2.58,0.53,2.05
2014-08-01,2.52,0.47,2.05
2014-08-04,2.51,0.47,2.04
2014-08-05,2.49,0.47,2.0200000000000005
2014-08-06,2.49,0.48,2.0100000000000002
2014-08-07,2.43,0.44,1.9900000000000002
2014-08-08,2.44,0.45,1.99
2014-08-11,2.44,0.47,1.97
2014-08-12,2.46,0.45,2.01
2014-08-13,2.43,0.43,2.0
2014-08-14,2.4,0.42,1.98
2014-08-15,2.34,0.42,1.92
2014-08-18,2.39,0.44,1.9500000000000002
2014-08-19,2.4,0.46,1.94
2014-08-20,2.43,0.49,1.9400000000000002
2014-08-21,2.41,0.49,1.9200000000000002
2014-08-22,2.4,0.53,1.8699999999999999
2014-08-25,2.39,0.53,1.86
2014-08-26,2.39,0.52,1.87
2014-08-27,2.37,0.51,1.86
2014-08-28,2.34,0.5,1.8399999999999999
2014-08-29,2.35,0.48,1.87
2014-09-01,,,
2014-09-02,2.42,0.53,1.89
2014-09-03,2.41,0.52,1.8900000000000001
2014-09-04,2.45,0.54,1.9100000000000001
2014-09-05,2.46,0.52,1.94
2014-09-08,2.48,0.54,1.94
2014-09-09,2.5,0.56,1.94
2014-09-10,2.54,0.58,1.96
2014-09-11,2.54,0.58,1.96
2014-09-12,2.62,0.58,2.04
2014-09-15,2.6,0.58,2.02
2014-09-16,2.6,0.55,2.05
2014-09-17,2.62,0.59,2.0300000000000002
2014-09-18,2.63,0.59,2.04
2014-09-19,2.59,0.59,2.0
2014-09-22,2.57,0.58,1.9899999999999998
2014-09-23,2.54,0.57,1.9700000000000002
2014-09-24,2.57,0.59,1.98
2014-09-25,2.52,0.56,1.96
2014-09-26,2.54,0.59,1.9500000000000002
2014-09-29,2.5,0.58,1.92
2014-09-30,2.52,0.58,1.94
2014-10-01,2.42,0.53,1.89
2014-10-02,2.44,0.53,1.91
2014-10-03,2.45,0.57,1.8800000000000003
2014-10-06,2.43,0.54,1.8900000000000001
2014-10-07,2.36,0.52,1.8399999999999999
2014-10-08,2.35,0.46,1.8900000000000001
2014-10-09,2.34,0.46,1.88
2014-10-10,2.31,0.45,1.86
2014-10-13,,,
2014-10-14,2.21,0.39,1.8199999999999998
2014-10-15,2.15,0.34,1.8099999999999998
2014-10-16,2.17,0.35,1.8199999999999998
2014-10-17,2.22,0.39,1.83
2014-10-20,2.2,0.37,1.83
2014-10-21,2.23,0.38,1.85
2014-10-22,2.25,0.41,1.84
2014-10-23,2.29,0.41,1.8800000000000001
2014-10-24,2.29,0.41,1.8800000000000001
2014-10-27,2.27,0.41,1.86
2014-10-28,2.3,0.42,1.88
2014-10-29,2.34,0.48,1.8599999999999999
2014-10-30,2.32,0.48,1.8399999999999999
2014-10-31,2.35,0.5,1.85
2014-11-03,2.36,0.52,1.8399999999999999
2014-11-04,2.35,0.52,1.83
2014-11-05,2.36,0.52,1.8399999999999999
2014-11-06,2.39,0.54,1.85
2014-11-07,2.32,0.51,1.8099999999999998
2014-11-10,2.38,0.55,1.8299999999999998
2014-11-11,,,
2014-11-12,2.37,0.55,1.82
2014-11-13,2.35,0.53,1.82
2014-11-14,2.32,0.54,1.7799999999999998
2014-11-17,2.34,0.54,1.7999999999999998
2014-11-18,2.32,0.53,1.7899999999999998
2014-11-19,2.36,0.54,1.8199999999999998
2014-11-20,2.34,0.53,1.8099999999999998
2014-11-21,2.31,0.53,1.78
2014-11-24,2.3,0.53,1.7699999999999998
2014-11-25,2.27,0.51,1.76
2014-11-26,2.24,0.53,1.7100000000000002
2014-11-27,,,
2014-11-28,2.18,0.47,1.7100000000000002
2014-12-01,2.22,0.49,1.7300000000000002
2014-12-02,2.28,0.55,1.7299999999999998
2014-12-03,2.29,0.57,1.7200000000000002
2014-12-04,2.25,0.55,1.7
2014-12-05,2.31,0.65,1.6600000000000001
2014-12-08,2.26,0.64,1.6199999999999997
2014-12-09,2.22,0.64,1.58
2014-12-10,2.18,0.59,1.5900000000000003
2014-12-11,2.19,0.62,1.5699999999999998
2014-12-12,2.1,0.56,1.54
2014-12-15,2.12,0.6,1.52
2014-12-16,2.07,0.58,1.4899999999999998
2014-12-17,2.14,0.62,1.52
2014-12-18,2.22,0.67,1.5500000000000003
2014-12-19,2.17,0.67,1.5
2014-12-22,2.17,0.71,1.46
2014-12-23,2.26,0.73,1.5299999999999998
2014-12-24,2.27,0.73,1.54
2014-12-25,,,
2014-12-26,2.25,0.73,1.52
2014-12-29,2.22,0.72,1.5000000000000002
2014-12-30,2.2,0.69,1.5100000000000002
2014-12-31,2.17,0.67,1.5
2015-01-01,,,
2015-01-02,2.12,0.66,1.46
2015-01-05,2.04,0.68,1.3599999999999999
2015-01-06,1.97,0.65,1.3199999999999998
2015-01-07,1.96,0.62,1.3399999999999999
2015-01-08,2.03,0.62,1.4099999999999997
2015-01-09,1.98,0.59,1.3900000000000001
2015-01-12,1.92,0.56,1.3599999999999999
2015-01-13,1.91,0.54,1.3699999999999999
2015-01-14,1.86,0.51,1.35
2015-01-15,1.77,0.44,1.33
2015-01-16,1.83,0.49,1.34
2015-01-19,,,
2015-01-20,1.82,0.53,1.29
2015-01-21,1.87,0.53,1.34
2015-01-22,1.9,0.53,1.3699999999999999
2015-01-23,1.81,0.52,1.29
2015-01-26,1.83,0.54,1.29
2015-01-27,1.83,0.54,1.29
2015-01-28,1.73,0.5,1.23
2015-01-29,1.77,0.51,1.26
2015-01-30,1.68,0.47,1.21
2015-02-02,1.68,0.49,1.19
2015-02-03,1.79,0.52,1.27
2015-02-04,1.81,0.52,1.29
2015-02-05,1.83,0.52,1.31
2015-02-06,1.95,0.65,1.2999999999999998
2015-02-09,1.96,0.65,1.31
2015-02-10,2.01,0.67,1.3399999999999999
2015-02-11,2.0,0.67,1.33
2015-02-12,1.99,0.61,1.38
2015-02-13,2.02,0.66,1.3599999999999999
2015-02-16,,,
2015-02-17,2.14,0.7,1.4400000000000002
2015-02-18,2.07,0.62,1.4499999999999997
2015-02-19,2.11,0.67,1.44
2015-02-20,2.13,0.67,1.46
2015-02-23,2.06,0.64,1.42
2015-02-24,1.99,0.6,1.3900000000000001
2015-02-25,1.96,0.61,1.35
2015-02-26,2.03,0.66,1.3699999999999997
2015-02-27,2.0,0.63,1.37
2015-03-02,2.08,0.66,1.42
2015-03-03,2.12,0.68,1.44
2015-03-04,2.12,0.66,1.46
2015-03-05,2.11,0.65,1.46
2015-03-06,2.24,0.73,1.5100000000000002
2015-03-09,2.2,0.7,1.5000000000000002
2015-03-10,2.14,0.7,1.4400000000000002
2015-03-11,2.11,0.7,1.41
2015-03-12,2.1,0.67,1.4300000000000002
2015-03-13,2.13,0.68,1.4499999999999997
2015-03-16,2.1,0.66,1.44
2015-03-17,2.06,0.7,1.36
2015-03-18,1.93,0.57,1.3599999999999999
2015-03-19,1.98,0.63,1.35
2015-03-20,1.93,0.6,1.33
2015-03-23,1.92,0.6,1.3199999999999998
2015-03-24,1.88,0.58,1.2999999999999998
2015-03-25,1.93,0.59,1.3399999999999999
2015-03-26,2.01,0.61,1.4
2015-03-27,1.95,0.58,1.37
2015-03-30,1.96,0.58,1.38
2015-03-31,1.94,0.56,1.38
2015-04-01,1.87,0.55,1.32
2015-04-02,1.92,0.55,1.3699999999999999
2015-04-03,1.85,0.49,1.36
2015-04-06,1.92,0.51,1.41
2015-04-07,1.89,0.52,1.3699999999999999
2015-04-08,1.92,0.54,1.38
2015-04-09,1.97,0.56,1.41
2015-04-10,1.96,0.57,1.3900000000000001
2015-04-13,1.94,0.54,1.4
2015-04-14,1.9,0.53,1.3699999999999999
2015-04-15,1.91,0.51,1.4
2015-04-16,1.9,0.5,1.4
2015-04-17,1.87,0.51,1.36
2015-04-20,1.9,0.55,1.3499999999999999
2015-04-21,1.92,0.55,1.3699999999999999
2015-04-22,1.99,0.57,1.42
2015-04-23,1.96,0.55,1.41
2015-04-24,1.93,0.54,1.39
2015-04-27,1.94,0.54,1.4
2015-04-28,2.0,0.56,1.44
2015-04-29,2.06,0.56,1.5
2015-04-30,2.05,0.58,1.4699999999999998
2015-05-01,2.12,0.6,1.52
2015-05-04,2.16,0.6,1.56
2015-05-05,2.19,0.62,1.5699999999999998
2015-05-06,2.25,0.65,1.6
2015-05-07,2.18,0.63,1.5500000000000003
2015-05-08,2.16,0.59,1.5700000000000003
2015-05-11,2.28,0.62,1.6599999999999997
2015-05-12,2.28,0.61,1.67
2015-05-13,2.27,0.59,1.6800000000000002
2015-05-14,2.23,0.56,1.67
2015-05-15,2.14,0.55,1.59
2015-05-18,2.23,0.58,1.65
2015-05-19,2.27,0.63,1.6400000000000001
2015-05-20,2.26,0.6,1.6599999999999997
2015-05-21,2.19,0.6,1.5899999999999999
2015-05-22,2.21,0.64,1.5699999999999998
2015-05-25,,,
2015-05-26,2.14,0.64,1.5
2015-05-27,2.14,0.64,1.5
2015-05-28,2.13,0.62,1.5099999999999998
2015-05-29,2.12,0.61,1.5100000000000002
2015-06-01,2.19,0.64,1.5499999999999998
2015-06-02,2.27,0.64,1.63
2015-06-03,2.38,0.69,1.69
2015-06-04,2.31,0.66,1.65
2015-06-05,2.41,0.73,1.6800000000000002
2015-06-08,2.39,0.7,1.6900000000000002
2015-06-09,2.42,0.72,1.7
2015-06-10,2.5,0.75,1.75
2015-06-11,2.39,0.73,1.6600000000000001
2015-06-12,2.39,0.74,1.6500000000000001
2015-06-15,2.36,0.72,1.64
2015-06-16,2.32,0.71,1.6099999999999999
2015-06-17,2.32,0.67,1.65
2015-06-18,2.35,0.66,1.69
2015-06-19,2.26,0.65,1.6099999999999999
2015-06-22,2.37,0.68,1.69
2015-06-23,2.42,0.7,1.72
2015-06-24,2.38,0.68,1.6999999999999997
2015-06-25,2.4,0.68,1.7199999999999998
2015-06-26,2.49,0.72,1.7700000000000002
2015-06-29,2.33,0.64,1.69
2015-06-30,2.35,0.64,1.71
2015-07-01,2.43,0.69,1.7400000000000002
2015-07-02,2.4,0.64,1.7599999999999998
2015-07-03,,,
2015-07-06,2.3,0.6,1.6999999999999997
2015-07-07,2.27,0.58,1.69
2015-07-08,2.22,0.55,1.6700000000000002
2015-07-09,2.32,0.6,1.7199999999999998
2015-07-10,2.42,0.65,1.77
2015-07-13,2.44,0.69,1.75
2015-07-14,2.41,0.66,1.75
2015-07-15,2.36,0.64,1.7199999999999998
2015-07-16,2.36,0.67,1.69
2015-07-17,2.34,0.68,1.6599999999999997
2015-07-20,2.38,0.71,1.67
2015-07-21,2.35,0.71,1.6400000000000001
2015-07-22,2.33,0.75,1.58
2015-07-23,2.28,0.71,1.5699999999999998
2015-07-24,2.27,0.7,1.57
2015-07-27,2.23,0.68,1.5499999999999998
2015-07-28,2.26,0.69,1.5699999999999998
2015-07-29,2.29,0.7,1.59
2015-07-30,2.28,0.72,1.5599999999999998
2015-07-31,2.2,0.67,1.5300000000000002
2015-08-03,2.16,0.68,1.48
2015-08-04,2.23,0.74,1.49
2015-08-05,2.28,0.73,1.5499999999999998
2015-08-06,2.23,0.71,1.52
2015-08-07,2.18,0.73,1.4500000000000002
2015-08-10,2.24,0.73,1.5100000000000002
2015-08-11,2.15,0.68,1.4699999999999998
2015-08-12,2.14,0.67,1.4700000000000002
2015-08-13,2.19,0.72,1.47
2015-08-14,2.2,0.73,1.4700000000000002
2015-08-17,2.16,0.72,1.4400000000000002
2015-08-18,2.2,0.74,1.4600000000000002
2015-08-19,2.12,0.67,1.4500000000000002
2015-08-20,2.09,0.69,1.4
2015-08-21,2.05,0.64,1.4099999999999997
2015-08-24,2.01,0.59,1.42
2015-08-25,2.12,0.67,1.4500000000000002
2015-08-26,2.18,0.67,1.5100000000000002
2015-08-27,2.18,0.68,1.5
2015-08-28,2.19,0.72,1.47
2015-08-31,2.21,0.74,1.47
2015-09-01,2.17,0.7,1.47
2015-09-02,2.2,0.72,1.4800000000000002
2015-09-03,2.18,0.71,1.4700000000000002
2015-09-04,2.13,0.71,1.42
2015-09-07,,,
2015-09-08,2.2,0.74,1.4600000000000002
2015-09-09,2.21,0.75,1.46
2015-09-10,2.23,0.75,1.48
2015-09-11,2.2,0.71,1.4900000000000002
2015-09-14,2.18,0.73,1.4500000000000002
2015-09-15,2.28,0.82,1.46
2015-09-16,2.3,0.82,1.48
2015-09-17,2.21,0.7,1.51
2015-09-18,2.13,0.69,1.44
2015-09-21,2.2,0.72,1.4800000000000002
2015-09-22,2.14,0.69,1.4500000000000002
2015-09-23,2.16,0.7,1.4600000000000002
2015-09-24,2.13,0.67,1.46
2015-09-25,2.17,0.7,1.47
2015-09-28,2.1,0.67,1.4300000000000002
2015-09-29,2.05,0.64,1.4099999999999997
2015-09-30,2.06,0.64,1.42
2015-10-01,2.05,0.64,1.4099999999999997
2015-10-02,1.99,0.58,1.4100000000000001
2015-10-05,2.07,0.61,1.46
2015-10-06,2.05,0.61,1.44
2015-10-07,2.08,0.65,1.4300000000000002
2015-10-08,2.12,0.65,1.4700000000000002
2015-10-09,2.12,0.65,1.4700000000000002
2015-10-12,,,
2015-10-13,2.06,0.64,1.42
2015-10-14,1.99,0.57,1.42
2015-10-15,2.04,0.61,1.4300000000000002
2015-10-16,2.04,0.61,1.4300000000000002
2015-10-19,2.04,0.61,1.4300000000000002
2015-10-20,2.08,0.66,1.42
2015-10-21,2.04,0.64,1.4
2015-10-22,2.04,0.61,1.4300000000000002
2015-10-23,2.09,0.66,1.4299999999999997
2015-10-26,2.07,0.66,1.4099999999999997
2015-10-27,2.05,0.65,1.4
2015-10-28,2.1,0.73,1.37
2015-10-29,2.19,0.75,1.44
2015-10-30,2.16,0.75,1.4100000000000001
2015-11-02,2.2,0.77,1.4300000000000002
2015-11-03,2.23,0.8,1.43
2015-11-04,2.25,0.84,1.4100000000000001
2015-11-05,2.26,0.85,1.4099999999999997
2015-11-06,2.34,0.9,1.44
2015-11-09,2.36,0.89,1.4699999999999998
2015-11-10,2.32,0.87,1.4499999999999997
2015-11-11,,,
2015-11-12,2.32,0.89,1.4299999999999997
2015-11-13,2.28,0.86,1.42
2015-11-16,2.27,0.88,1.3900000000000001
2015-11-17,2.25,0.86,1.3900000000000001
2015-11-18,2.27,0.9,1.37
2015-11-19,2.24,0.91,1.33
2015-11-20,2.26,0.93,1.3299999999999996
2015-11-23,2.25,0.94,1.31
2015-11-24,2.24,0.93,1.31
2015-11-25,2.23,0.93,1.2999999999999998
2015-11-26,,,
2015-11-27,2.22,0.92,1.3000000000000003
2015-11-30,2.21,0.94,1.27
2015-12-01,2.15,0.91,1.2399999999999998
2015-12-02,2.18,0.94,1.2400000000000002
2015-12-03,2.33,0.96,1.37
2015-12-04,2.28,0.96,1.3199999999999998
2015-12-07,2.23,0.94,1.29
2015-12-08,2.24,0.94,1.3000000000000003
2015-12-09,2.22,0.93,1.29
2015-12-10,2.24,0.95,1.2900000000000003
2015-12-11,2.13,0.88,1.25
2015-12-14,2.23,0.97,1.26
2015-12-15,2.28,0.98,1.2999999999999998
2015-12-16,2.3,1.02,1.2799999999999998
2015-12-17,2.24,1.0,1.2400000000000002
2015-12-18,2.19,0.97,1.22
2015-12-21,2.2,0.96,1.2400000000000002
2015-12-22,2.24,0.99,1.2500000000000002
2015-12-23,2.27,1.01,1.26
2015-12-24,2.25,1.03,1.22
2015-12-25,,,
2015-12-28,2.24,1.05,1.1900000000000002
2015-12-29,2.32,1.09,1.2299999999999998
2015-12-30,2.31,1.08,1.23
2015-12-31,2.27,1.06,1.21
2016-01-01,,,
2016-01-04,2.24,1.02,1.2200000000000002
2016-01-05,2.25,1.04,1.21
2016-01-06,2.18,0.99,1.1900000000000002
2016-01-07,2.16,0.96,1.2000000000000002
2016-01-08,2.13,0.94,1.19
2016-01-11,2.17,0.94,1.23
2016-01-12,2.12,0.93,1.19
2016-01-13,2.08,0.91,1.17
2016-01-14,2.1,0.9,1.2000000000000002
2016-01-15,2.03,0.85,1.1799999999999997
2016-01-18,,,
2016-01-19,2.06,0.88,1.1800000000000002
2016-01-20,2.01,0.85,1.1599999999999997
2016-01-21,2.02,0.84,1.1800000000000002
2016-01-22,2.07,0.88,1.19
2016-01-25,2.03,0.88,1.15
2016-01-26,2.01,0.85,1.1599999999999997
2016-01-27,2.02,0.84,1.1800000000000002
2016-01-28,2.0,0.83,1.17
2016-01-29,1.94,0.76,1.18
2016-02-01,1.97,0.81,1.16
2016-02-02,1.87,0.75,1.12
2016-02-03,1.88,0.72,1.16
2016-02-04,1.87,0.7,1.1700000000000002
2016-02-05,1.86,0.74,1.12
2016-02-08,1.75,0.66,1.0899999999999999
2016-02-09,1.74,0.69,1.05
2016-02-10,1.71,0.71,1.0
2016-02-11,1.63,0.64,0.9899999999999999
2016-02-12,1.74,0.71,1.03
2016-02-15,,,
2016-02-16,1.78,0.74,1.04
2016-02-17,1.81,0.74,1.07
2016-02-18,1.75,0.71,1.04
2016-02-19,1.76,0.76,1.0
2016-02-22,1.77,0.78,0.99
2016-02-23,1.74,0.76,0.98
2016-02-24,1.75,0.75,1.0
2016-02-25,1.71,0.72,0.99
2016-02-26,1.76,0.8,0.96
2016-02-29,1.74,0.78,0.96
2016-03-01,1.83,0.85,0.9800000000000001
2016-03-02,1.84,0.85,0.9900000000000001
2016-03-03,1.83,0.85,0.9800000000000001
2016-03-04,1.88,0.88,0.9999999999999999
2016-03-07,1.91,0.91,0.9999999999999999
2016-03-08,1.83,0.88,0.9500000000000001
2016-03-09,1.9,0.9,0.9999999999999999
2016-03-10,1.93,0.93,0.9999999999999999
2016-03-11,1.98,0.97,1.01
2016-03-14,1.97,0.97,1.0
2016-03-15,1.97,0.98,0.99
2016-03-16,1.94,0.87,1.0699999999999998
2016-03-17,1.91,0.87,1.04
2016-03-18,1.88,0.84,1.04
2016-03-21,1.92,0.87,1.0499999999999998
2016-03-22,1.94,0.91,1.0299999999999998
2016-03-23,1.88,0.87,1.0099999999999998
2016-03-24,1.91,0.89,1.02
2016-03-25,,,
2016-03-28,1.89,0.89,0.9999999999999999
2016-03-29,1.81,0.78,1.03
2016-03-30,1.83,0.76,1.07
2016-03-31,1.78,0.73,1.05
2016-04-01,1.79,0.76,1.03
2016-04-04,1.78,0.75,1.03
2016-04-05,1.73,0.72,1.01
2016-04-06,1.76,0.73,1.03
2016-04-07,1.7,0.7,1.0
2016-04-08,1.72,0.7,1.02
2016-04-11,1.73,0.7,1.03
2016-04-12,1.79,0.74,1.05
2016-04-13,1.77,0.75,1.02
2016-04-14,1.8,0.77,1.03
2016-04-15,1.76,0.74,1.02
2016-04-18,1.78,0.75,1.03
2016-04-19,1.79,0.77,1.02
2016-04-20,1.85,0.8,1.05
2016-04-21,1.88,0.82,1.06
2016-04-22,1.89,0.84,1.0499999999999998
2016-04-25,1.91,0.85,1.06
2016-04-26,1.94,0.86,1.08
2016-04-27,1.87,0.83,1.04
2016-04-28,1.84,0.78,1.06
2016-04-29,1.83,0.77,1.06
2016-05-02,1.88,0.8,1.0799999999999998
2016-05-03,1.81,0.75,1.06
2016-05-04,1.79,0.75,1.04
2016-05-05,1.76,0.72,1.04
2016-05-06,1.79,0.74,1.05
2016-05-09,1.77,0.72,1.05
2016-05-10,1.77,0.72,1.05
2016-05-11,1.73,0.74,0.99
2016-05-12,1.75,0.76,0.99
2016-05-13,1.71,0.76,0.95
2016-05-16,1.75,0.79,0.96
2016-05-17,1.76,0.82,0.9400000000000001
2016-05-18,1.87,0.9,0.9700000000000001
2016-05-19,1.85,0.89,0.9600000000000001
2016-05-20,1.85,0.89,0.9600000000000001
2016-05-23,1.84,0.91,0.93
2016-05-24,1.86,0.92,0.9400000000000001
2016-05-25,1.87,0.92,0.9500000000000001
2016-05-26,1.83,0.87,0.9600000000000001
2016-05-27,1.85,0.9,0.9500000000000001
2016-05-30,,,
2016-05-31,1.84,0.87,0.9700000000000001
2016-06-01,1.85,0.91,0.9400000000000001
2016-06-02,1.81,0.89,0.92
2016-06-03,1.71,0.78,0.9299999999999999
2016-06-06,1.73,0.8,0.9299999999999999
2016-06-07,1.72,0.78,0.94
2016-06-08,1.71,0.78,0.9299999999999999
2016-06-09,1.68,0.77,0.9099999999999999
2016-06-10,1.64,0.73,0.9099999999999999
2016-06-13,1.62,0.73,0.8900000000000001
2016-06-14,1.62,0.74,0.8800000000000001
2016-06-15,1.6,0.69,0.9100000000000001
2016-06-16,1.57,0.7,0.8700000000000001
2016-06-17,1.62,0.7,0.9200000000000002
2016-06-20,1.67,0.74,0.9299999999999999
2016-06-21,1.71,0.76,0.95
2016-06-22,1.69,0.75,0.94
2016-06-23,1.74,0.78,0.96
2016-06-24,1.57,0.64,0.93
2016-06-27,1.46,0.61,0.85
2016-06-28,1.46,0.61,0.85
2016-06-29,1.5,0.62,0.88
2016-06-30,1.49,0.58,0.91
2016-07-01,1.46,0.59,0.87
2016-07-04,,,
2016-07-05,1.37,0.56,0.81
2016-07-06,1.38,0.58,0.7999999999999999
2016-07-07,1.4,0.58,0.82
2016-07-08,1.37,0.61,0.7600000000000001
2016-07-11,1.43,0.66,0.7699999999999999
2016-07-12,1.53,0.69,0.8400000000000001
2016-07-13,1.48,0.68,0.7999999999999999
2016-07-14,1.53,0.68,0.85
2016-07-15,1.6,0.71,0.8900000000000001
2016-07-18,1.59,0.68,0.91
2016-07-19,1.56,0.7,0.8600000000000001
2016-07-20,1.59,0.73,0.8600000000000001
2016-07-21,1.57,0.7,0.8700000000000001
2016-07-22,1.57,0.71,0.8600000000000001
2016-07-25,1.58,0.72,0.8600000000000001
2016-07-26,1.57,0.75,0.8200000000000001
2016-07-27,1.52,0.73,0.79
2016-07-28,1.52,0.72,0.8
2016-07-29,1.46,0.67,0.7899999999999999
2016-08-01,1.51,0.67,0.84
2016-08-02,1.55,0.67,0.88
2016-08-03,1.55,0.67,0.88
2016-08-04,1.51,0.64,0.87
2016-08-05,1.59,0.72,0.8700000000000001
2016-08-08,1.59,0.74,0.8500000000000001
2016-08-09,1.55,0.71,0.8400000000000001
2016-08-10,1.5,0.69,0.81
2016-08-11,1.57,0.76,0.81
2016-08-12,1.51,0.71,0.8
2016-08-15,1.55,0.72,0.8300000000000001
2016-08-16,1.57,0.76,0.81
2016-08-17,1.56,0.74,0.8200000000000001
2016-08-18,1.53,0.71,0.8200000000000001
2016-08-19,1.58,0.76,0.8200000000000001
2016-08-22,1.55,0.76,0.79
2016-08-23,1.55,0.74,0.81
2016-08-24,1.56,0.76,0.8
2016-08-25,1.58,0.78,0.8
2016-08-26,1.62,0.84,0.7800000000000001
2016-08-29,1.57,0.81,0.76
2016-08-30,1.57,0.8,0.77
2016-08-31,1.58,0.8,0.78
2016-09-01,1.57,0.78,0.79
2016-09-02,1.6,0.8,0.8
2016-09-05,,,
2016-09-06,1.55,0.74,0.81
2016-09-07,1.54,0.74,0.8
2016-09-08,1.61,0.78,0.8300000000000001
2016-09-09,1.67,0.79,0.8799999999999999
2016-09-12,1.68,0.79,0.8899999999999999
2016-09-13,1.73,0.8,0.9299999999999999
2016-09-14,1.7,0.77,0.9299999999999999
2016-09-15,1.71,0.74,0.97
2016-09-16,1.7,0.77,0.9299999999999999
2016-09-19,1.7,0.79,0.9099999999999999
2016-09-20,1.69,0.79,0.8999999999999999
2016-09-21,1.66,0.79,0.8699999999999999
2016-09-22,1.63,0.79,0.8399999999999999
2016-09-23,1.62,0.77,0.8500000000000001
2016-09-26,1.59,0.76,0.8300000000000001
2016-09-27,1.56,0.75,0.81
2016-09-28,1.57,0.75,0.8200000000000001
2016-09-29,1.56,0.73,0.8300000000000001
2016-09-30,1.6,0.77,0.8300000000000001
2016-10-03,1.63,0.8,0.8299999999999998
2016-10-04,1.69,0.82,0.87
2016-10-05,1.72,0.85,0.87
2016-10-06,1.75,0.86,0.89
2016-10-07,1.73,0.83,0.9
2016-10-10,,,
2016-10-11,1.77,0.87,0.9
2016-10-12,1.79,0.87,0.92
2016-10-13,1.75,0.85,0.9
2016-10-14,1.8,0.84,0.9600000000000001
2016-10-17,1.77,0.81,0.96
2016-10-18,1.75,0.82,0.93
2016-10-19,1.76,0.81,0.95
2016-10-20,1.76,0.84,0.92
2016-10-21,1.74,0.84,0.9
2016-10-24,1.77,0.84,0.93
2016-10-25,1.77,0.86,0.91
2016-10-26,1.79,0.86,0.93
2016-10-27,1.85,0.87,0.9800000000000001
2016-10-28,1.86,0.86,1.0
2016-10-31,1.84,0.86,0.9800000000000001
2016-11-01,1.83,0.83,1.0
2016-11-02,1.81,0.81,1.0
2016-11-03,1.82,0.81,1.01
2016-11-04,1.79,0.8,0.99
2016-11-07,1.83,0.82,1.0100000000000002
2016-11-08,1.88,0.87,1.0099999999999998
2016-11-09,2.07,0.9,1.17
2016-11-10,2.15,0.92,1.23
2016-11-11,,,
2016-11-14,2.23,1.0,1.23
2016-11-15,2.23,1.02,1.21
2016-11-16,2.22,1.0,1.2200000000000002
2016-11-17,2.29,1.04,1.25
2016-11-18,2.34,1.07,1.2699999999999998
2016-11-21,2.33,1.08,1.25
2016-11-22,2.31,1.07,1.24
2016-11-23,2.36,1.12,1.2399999999999998
2016-11-24,,,
2016-11-25,2.36,1.12,1.2399999999999998
2016-11-28,2.32,1.11,1.2099999999999997
2016-11-29,2.3,1.09,1.2099999999999997
2016-11-30,2.37,1.11,1.26
2016-12-01,2.45,1.14,1.3100000000000003
2016-12-02,2.4,1.11,1.2899999999999998
2016-12-05,2.39,1.13,1.2600000000000002
2016-12-06,2.39,1.12,1.27
2016-12-07,2.34,1.1,1.2399999999999998
2016-12-08,2.4,1.12,1.2799999999999998
2016-12-09,2.47,1.15,1.3200000000000003
2016-12-12,2.49,1.15,1.3400000000000003
2016-12-13,2.48,1.17,1.31
2016-12-14,2.54,1.27,1.27
2016-12-15,2.6,1.29,1.31
2016-12-16,2.6,1.28,1.32
2016-12-19,2.54,1.24,1.3
2016-12-20,2.57,1.25,1.3199999999999998
2016-12-21,2.55,1.21,1.3399999999999999
2016-12-22,2.55,1.22,1.3299999999999998
2016-12-23,2.55,1.22,1.3299999999999998
2016-12-26,,,
2016-12-27,2.57,1.28,1.2899999999999998
2016-12-28,2.51,1.26,1.2499999999999998
2016-12-29,2.49,1.22,1.2700000000000002
2016-12-30,2.45,1.2,1.2500000000000002
2017-01-02,,,
2017-01-03,2.45,1.22,1.2300000000000002
2017-01-04,2.46,1.24,1.22
2017-01-05,2.37,1.17,1.2000000000000002
2017-01-06,2.42,1.22,1.2
2017-01-09,2.38,1.21,1.17
2017-01-10,2.38,1.19,1.19
2017-01-11,2.38,1.2,1.18
2017-01-12,2.36,1.18,1.18
2017-01-13,2.4,1.21,1.19
2017-01-16,,,
2017-01-17,2.33,1.17,1.1600000000000001
2017-01-18,2.42,1.23,1.19
2017-01-19,2.47,1.25,1.2200000000000002
2017-01-20,2.48,1.2,1.28
2017-01-23,2.41,1.16,1.2500000000000002
2017-01-24,2.47,1.21,1.2600000000000002
2017-01-25,2.53,1.23,1.2999999999999998
2017-01-26,2.51,1.21,1.2999999999999998
2017-01-27,2.49,1.22,1.2700000000000002
2017-01-30,2.49,1.22,1.2700000000000002
2017-01-31,2.45,1.19,1.2600000000000002
2017-02-01,2.48,1.22,1.26
2017-02-02,2.48,1.21,1.27
2017-02-03,2.49,1.21,1.2800000000000002
2017-02-06,2.42,1.16,1.26
2017-02-07,2.4,1.16,1.24
2017-02-08,2.34,1.15,1.19
2017-02-09,2.4,1.2,1.2
2017-02-10,2.41,1.2,1.2100000000000002
2017-02-13,2.43,1.2,1.2300000000000002
2017-02-14,2.47,1.25,1.2200000000000002
2017-02-15,2.51,1.27,1.2399999999999998
2017-02-16,2.45,1.22,1.2300000000000002
2017-02-17,2.42,1.21,1.21
2017-02-20,,,
2017-02-21,2.43,1.22,1.2100000000000002
2017-02-22,2.42,1.22,1.2
2017-02-23,2.38,1.18,1.2
2017-02-24,2.31,1.12,1.19
2017-02-27,2.36,1.2,1.16
2017-02-28,2.36,1.22,1.14
2017-03-01,2.46,1.29,1.17
2017-03-02,2.49,1.32,1.1700000000000002
2017-03-03,2.49,1.32,1.1700000000000002
2017-03-06,2.49,1.31,1.1800000000000002
2017-03-07,2.52,1.32,1.2
2017-03-08,2.57,1.36,1.2099999999999997
2017-03-09,2.6,1.37,1.23
2017-03-10,2.58,1.36,1.22
2017-03-13,2.62,1.4,1.2200000000000002
2017-03-14,2.6,1.4,1.2000000000000002
2017-03-15,2.51,1.33,1.1799999999999997
2017-03-16,2.53,1.35,1.1799999999999997
2017-03-17,2.5,1.33,1.17
2017-03-20,2.47,1.3,1.1700000000000002
2017-03-21,2.43,1.27,1.1600000000000001
2017-03-22,2.4,1.27,1.13
2017-03-23,2.41,1.26,1.1500000000000001
2017-03-24,2.4,1.26,1.14
2017-03-27,2.38,1.27,1.1099999999999999
2017-03-28,2.42,1.3,1.1199999999999999
2017-03-29,2.39,1.26,1.1300000000000001
2017-03-30,2.42,1.28,1.14
2017-03-31,2.4,1.27,1.13
2017-04-03,2.35,1.24,1.11
2017-04-04,2.36,1.25,1.1099999999999999
2017-04-05,2.34,1.24,1.0999999999999999
2017-04-06,2.34,1.24,1.0999999999999999
2017-04-07,2.38,1.29,1.0899999999999999
2017-04-10,2.37,1.29,1.08
2017-04-11,2.32,1.24,1.0799999999999998
2017-04-12,2.28,1.24,1.0399999999999998
2017-04-13,2.24,1.21,1.0300000000000002
2017-04-14,,,
2017-04-17,2.26,1.21,1.0499999999999998
2017-04-18,2.18,1.18,1.0000000000000002
2017-04-19,2.21,1.19,1.02
2017-04-20,2.24,1.21,1.0300000000000002
2017-04-21,2.24,1.2,1.0400000000000003
2017-04-24,2.28,1.25,1.0299999999999998
2017-04-25,2.35,1.29,1.06
2017-04-26,2.32,1.28,1.0399999999999998
2017-04-27,2.3,1.25,1.0499999999999998
2017-04-28,2.29,1.28,1.01
2017-05-01,2.33,1.28,1.05
2017-05-02,2.29,1.27,1.02
2017-05-03,2.33,1.3,1.03
2017-05-04,2.36,1.32,1.0399999999999998
2017-05-05,2.36,1.32,1.0399999999999998
2017-05-08,2.39,1.33,1.06
2017-05-09,2.42,1.37,1.0499999999999998
2017-05-10,2.41,1.35,1.06
2017-05-11,2.39,1.35,1.04
2017-05-12,2.33,1.29,1.04
2017-05-15,2.34,1.31,1.0299999999999998
2017-05-16,2.33,1.29,1.04
2017-05-17,2.22,1.26,0.9600000000000002
2017-05-18,2.23,1.27,0.96
2017-05-19,2.23,1.28,0.95
2017-05-22,2.25,1.29,0.96
2017-05-23,2.29,1.31,0.98
2017-05-24,2.26,1.29,0.9699999999999998
2017-05-25,2.25,1.3,0.95
2017-05-26,2.25,1.3,0.95
2017-05-29,,,
2017-05-30,2.21,1.28,0.9299999999999999
2017-05-31,2.21,1.28,0.9299999999999999
2017-06-01,2.21,1.28,0.9299999999999999
2017-06-02,2.15,1.28,0.8699999999999999
2017-06-05,2.18,1.32,0.8600000000000001
2017-06-06,2.14,1.3,0.8400000000000001
2017-06-07,2.18,1.32,0.8600000000000001
2017-06-08,2.19,1.33,0.8599999999999999
2017-06-09,2.21,1.35,0.8599999999999999
2017-06-12,2.21,1.35,0.8599999999999999
2017-06-13,2.21,1.38,0.8300000000000001
2017-06-14,2.15,1.35,0.7999999999999998
2017-06-15,2.16,1.35,0.81
2017-06-16,2.16,1.32,0.8400000000000001
2017-06-19,2.19,1.36,0.8299999999999998
2017-06-20,2.16,1.36,0.8
2017-06-21,2.16,1.36,0.8
2017-06-22,2.15,1.34,0.8099999999999998
2017-06-23,2.15,1.34,0.8099999999999998
2017-06-26,2.14,1.36,0.78
2017-06-27,2.21,1.38,0.8300000000000001
2017-06-28,2.22,1.34,0.8800000000000001
2017-06-29,2.27,1.38,0.8900000000000001
2017-06-30,2.31,1.38,0.9300000000000002
2017-07-03,2.35,1.41,0.9400000000000002
2017-07-04,,,
2017-07-05,2.33,1.41,0.9200000000000002
2017-07-06,2.37,1.4,0.9700000000000002
2017-07-07,2.39,1.4,0.9900000000000002
2017-07-10,2.38,1.4,0.98
2017-07-11,2.37,1.37,1.0
2017-07-12,2.33,1.35,0.98
2017-07-13,2.35,1.37,0.98
2017-07-14,2.33,1.35,0.98
2017-07-17,2.31,1.36,0.95
2017-07-18,2.27,1.36,0.9099999999999999
2017-07-19,2.27,1.37,0.8999999999999999
2017-07-20,2.27,1.37,0.8999999999999999
2017-07-21,2.24,1.36,0.8800000000000001
2017-07-24,2.26,1.37,0.8899999999999997
2017-07-25,2.33,1.4,0.9300000000000002
2017-07-26,2.29,1.36,0.9299999999999999
2017-07-27,2.32,1.36,0.9599999999999997
2017-07-28,2.3,1.34,0.9599999999999997
2017-07-31,2.3,1.34,0.9599999999999997
2017-08-01,2.26,1.34,0.9199999999999997
2017-08-02,2.27,1.36,0.9099999999999999
2017-08-03,2.24,1.34,0.9000000000000001
2017-08-04,2.27,1.36,0.9099999999999999
2017-08-07,2.26,1.36,0.8999999999999997
2017-08-08,2.29,1.36,0.9299999999999999
2017-08-09,2.24,1.33,0.9100000000000001
2017-08-10,2.2,1.33,0.8700000000000001
2017-08-11,2.19,1.3,0.8899999999999999
2017-08-14,2.22,1.33,0.8900000000000001
2017-08-15,2.27,1.35,0.9199999999999999
2017-08-16,2.23,1.33,0.8999999999999999
2017-08-17,2.19,1.32,0.8699999999999999
2017-08-18,2.19,1.33,0.8599999999999999
2017-08-21,2.18,1.32,0.8600000000000001
2017-08-22,2.22,1.33,0.8900000000000001
2017-08-23,2.17,1.32,0.8499999999999999
2017-08-24,2.19,1.33,0.8599999999999999
2017-08-25,2.17,1.35,0.8199999999999998
2017-08-28,2.16,1.33,0.8300000000000001
2017-08-29,2.13,1.33,0.7999999999999998
2017-08-30,2.15,1.33,0.8199999999999998
2017-08-31,2.12,1.33,0.79
2017-09-01,2.16,1.35,0.81
2017-09-04,,,
2017-09-05,2.07,1.3,0.7699999999999998
2017-09-06,2.1,1.3,0.8
2017-09-07,2.05,1.27,0.7799999999999998
2017-09-08,2.06,1.27,0.79
2017-09-11,2.14,1.32,0.8200000000000001
2017-09-12,2.17,1.33,0.8399999999999999
2017-09-13,2.2,1.35,0.8500000000000001
2017-09-14,2.2,1.37,0.8300000000000001
2017-09-15,2.2,1.39,0.8100000000000003
2017-09-18,2.23,1.4,0.8300000000000001
2017-09-19,2.24,1.4,0.8400000000000003
2017-09-20,2.28,1.45,0.8299999999999998
2017-09-21,2.27,1.45,0.8200000000000001
2017-09-22,2.26,1.46,0.7999999999999998
2017-09-25,2.22,1.44,0.7800000000000002
2017-09-26,2.24,1.45,0.7900000000000003
2017-09-27,2.31,1.47,0.8400000000000001
2017-09-28,2.31,1.45,0.8600000000000001
2017-09-29,2.33,1.47,0.8600000000000001
2017-10-02,2.34,1.49,0.8499999999999999
2017-10-03,2.33,1.47,0.8600000000000001
2017-10-04,2.33,1.47,0.8600000000000001
2017-10-05,2.35,1.49,0.8600000000000001
2017-10-06,2.37,1.54,0.8300000000000001
2017-10-09,,,
2017-10-10,2.35,1.51,0.8400000000000001
2017-10-11,2.35,1.51,0.8400000000000001
2017-10-12,2.33,1.51,0.8200000000000001
2017-10-13,2.28,1.51,0.7699999999999998
2017-10-16,2.3,1.54,0.7599999999999998
2017-10-17,2.3,1.54,0.7599999999999998
2017-10-18,2.34,1.59,0.7499999999999998
2017-10-19,2.33,1.58,0.75
2017-10-20,2.39,1.6,0.79
2017-10-23,2.38,1.58,0.7999999999999998
2017-10-24,2.42,1.6,0.8199999999999998
2017-10-25,2.44,1.61,0.8299999999999998
2017-10-26,2.46,1.63,0.8300000000000001
2017-10-27,2.42,1.59,0.8299999999999998
2017-10-30,2.37,1.58,0.79
2017-10-31,2.38,1.6,0.7799999999999998
2017-11-01,2.37,1.61,0.76
2017-11-02,2.35,1.61,0.74
2017-11-03,2.34,1.63,0.71
2017-11-06,2.32,1.61,0.7099999999999997
2017-11-07,2.32,1.63,0.69
2017-11-08,2.32,1.65,0.6699999999999999
2017-11-09,2.33,1.63,0.7000000000000002
2017-11-10,2.4,1.67,0.73
2017-11-13,2.4,1.7,0.7
2017-11-14,2.38,1.68,0.7
2017-11-15,2.33,1.68,0.6500000000000001
2017-11-16,2.37,1.72,0.6500000000000001
2017-11-17,2.35,1.73,0.6200000000000001
2017-11-20,2.37,1.77,0.6000000000000001
2017-11-21,2.36,1.77,0.5899999999999999
2017-11-22,2.32,1.74,0.5799999999999998
2017-11-23,,,
2017-11-24,2.34,1.75,0.5899999999999999
2017-11-27,2.32,1.74,0.5799999999999998
2017-11-28,2.34,1.75,0.5899999999999999
2017-11-29,2.37,1.78,0.5900000000000001
2017-11-30,2.42,1.78,0.6399999999999999
2017-12-01,2.37,1.78,0.5900000000000001
2017-12-04,2.37,1.8,0.5700000000000001
2017-12-05,2.36,1.83,0.5299999999999998
2017-12-06,2.33,1.78,0.55
2017-12-07,2.37,1.8,0.5700000000000001
2017-12-08,2.38,1.8,0.5799999999999998
2017-12-11,2.39,1.82,0.5700000000000001
2017-12-12,2.4,1.83,0.5699999999999998
2017-12-13,2.36,1.79,0.5699999999999998
2017-12-14,2.35,1.82,0.53
2017-12-15,2.35,1.84,0.51
2017-12-18,2.39,1.84,0.55
2017-12-19,2.46,1.87,0.5899999999999999
2017-12-20,2.49,1.87,0.6200000000000001
2017-12-21,2.48,1.89,0.5900000000000001
2017-12-22,2.48,1.91,0.5700000000000001
2017-12-25,,,
2017-12-26,2.47,1.92,0.5500000000000003
2017-12-27,2.42,1.89,0.53
2017-12-28,2.43,1.91,0.5200000000000002
2017-12-29,2.4,1.89,0.51
2018-01-01,,,
2018-01-02,2.46,1.92,0.54
2018-01-03,2.44,1.94,0.5
2018-01-04,2.46,1.96,0.5
2018-01-05,2.47,1.96,0.5100000000000002
2018-01-08,2.49,1.96,0.5300000000000002
2018-01-09,2.55,1.98,0.5699999999999998
2018-01-10,2.55,1.98,0.5699999999999998
2018-01-11,2.54,1.98,0.56
2018-01-12,2.55,1.99,0.5599999999999998
2018-01-15,,,
2018-01-16,2.54,2.03,0.5100000000000002
2018-01-17,2.57,2.05,0.52
2018-01-18,2.62,2.05,0.5700000000000003
2018-01-19,2.64,2.06,0.5800000000000001
2018-01-22,2.66,2.08,0.5800000000000001
2018-01-23,2.63,2.06,0.5699999999999998
2018-01-24,2.65,2.08,0.5699999999999998
2018-01-25,2.63,2.08,0.5499999999999998
2018-01-26,2.66,2.13,0.5300000000000002
2018-01-29,2.7,2.11,0.5900000000000003
2018-01-30,2.73,2.13,0.6000000000000001
2018-01-31,2.72,2.14,0.5800000000000001
2018-02-01,2.78,2.16,0.6199999999999997
2018-02-02,2.84,2.15,0.69
2018-02-05,2.77,2.08,0.69
2018-02-06,2.79,2.1,0.69
2018-02-07,2.84,2.15,0.69
2018-02-08,2.85,2.13,0.7200000000000002
2018-02-09,2.83,2.05,0.7800000000000002
2018-02-12,2.86,2.09,0.77
2018-02-13,2.83,2.1,0.73
2018-02-14,2.91,2.17,0.7400000000000002
2018-02-15,2.9,2.19,0.71
2018-02-16,2.87,2.21,0.6600000000000001
2018-02-19,,,
2018-02-20,2.88,2.25,0.6299999999999999
2018-02-21,2.94,2.26,0.6800000000000002
2018-02-22,2.92,2.25,0.6699999999999999
2018-02-23,2.88,2.25,0.6299999999999999
2018-02-26,2.86,2.22,0.6399999999999997
2018-02-27,2.9,2.27,0.6299999999999999
2018-02-28,2.87,2.25,0.6200000000000001
2018-03-01,2.81,2.22,0.5899999999999999
2018-03-02,2.86,2.25,0.6099999999999999
2018-03-05,2.88,2.24,0.6399999999999997
2018-03-06,2.88,2.25,0.6299999999999999
2018-03-07,2.89,2.25,0.6400000000000001
2018-03-08,2.86,2.25,0.6099999999999999
2018-03-09,2.9,2.27,0.6299999999999999
2018-03-12,2.87,2.27,0.6000000000000001
2018-03-13,2.84,2.26,0.5800000000000001
2018-03-14,2.81,2.26,0.5500000000000003
2018-03-15,2.82,2.29,0.5299999999999998
2018-03-16,2.85,2.31,0.54
2018-03-19,2.85,2.31,0.54
2018-03-20,2.89,2.34,0.5500000000000003
2018-03-21,2.89,2.31,0.5800000000000001
2018-03-22,2.83,2.29,0.54
2018-03-23,2.82,2.28,0.54
2018-03-26,2.85,2.33,0.52
2018-03-27,2.78,2.26,0.52
2018-03-28,2.77,2.28,0.4900000000000002
2018-03-29,2.74,2.27,0.4700000000000002
2018-03-30,,,
2018-04-02,2.73,2.25,0.48
2018-04-03,2.79,2.28,0.5100000000000002
2018-04-04,2.79,2.28,0.5100000000000002
2018-04-05,2.83,2.3,0.5300000000000002
2018-04-06,2.77,2.27,0.5
2018-04-09,2.78,2.29,0.48999999999999977
2018-04-10,2.8,2.32,0.48
2018-04-11,2.79,2.32,0.4700000000000002
2018-04-12,2.83,2.34,0.4900000000000002
2018-04-13,2.82,2.37,0.44999999999999973
2018-04-16,2.83,2.39,0.43999999999999995
2018-04-17,2.82,2.41,0.4099999999999997
2018-04-18,2.87,2.42,0.4500000000000002
2018-04-19,2.92,2.44,0.48
2018-04-20,2.96,2.46,0.5
2018-04-23,2.98,2.49,0.48999999999999977
2018-04-24,3.0,2.48,0.52
2018-04-25,3.03,2.49,0.5399999999999996
2018-04-26,3.0,2.49,0.5099999999999998
2018-04-27,2.96,2.49,0.46999999999999975
2018-04-30,2.95,2.49,0.45999999999999996
2018-05-01,2.97,2.5,0.4700000000000002
2018-05-02,2.97,2.49,0.48
2018-05-03,2.94,2.49,0.44999999999999973
2018-05-04,2.95,2.51,0.4400000000000004
2018-05-07,2.95,2.49,0.45999999999999996
2018-05-08,2.97,2.51,0.4600000000000004
2018-05-09,3.0,2.54,0.45999999999999996
2018-05-10,2.97,2.54,0.43000000000000016
2018-05-11,2.97,2.54,0.43000000000000016
2018-05-14,3.0,2.55,0.4500000000000002
2018-05-15,3.08,2.58,0.5
2018-05-16,3.09,2.58,0.5099999999999998
2018-05-17,3.11,2.57,0.54
2018-05-18,3.06,2.55,0.5100000000000002
2018-05-21,3.06,2.58,0.48
2018-05-22,3.06,2.59,0.4700000000000002
2018-05-23,3.01,2.53,0.48
2018-05-24,2.98,2.5,0.48
2018-05-25,2.93,2.48,0.4500000000000002
2018-05-28,,,
2018-05-29,2.77,2.32,0.4500000000000002
2018-05-30,2.84,2.42,0.41999999999999993
2018-05-31,2.83,2.4,0.43000000000000016
2018-06-01,2.89,2.47,0.41999999999999993
2018-06-04,2.94,2.52,0.41999999999999993
2018-06-05,2.92,2.49,0.4299999999999997
2018-06-06,2.97,2.52,0.4500000000000002
2018-06-07,2.93,2.5,0.43000000000000016
2018-06-08,2.93,2.5,0.43000000000000016
2018-06-11,2.96,2.52,0.43999999999999995
2018-06-12,2.96,2.54,0.41999999999999993
2018-06-13,2.98,2.59,0.3900000000000001
2018-06-14,2.94,2.59,0.3500000000000001
2018-06-15,2.93,2.55,0.38000000000000034
2018-06-18,2.92,2.56,0.3599999999999999
2018-06-19,2.89,2.54,0.3500000000000001
2018-06-20,2.93,2.56,0.3700000000000001
2018-06-21,2.9,2.56,0.33999999999999986
2018-06-22,2.9,2.56,0.33999999999999986
2018-06-25,2.87,2.54,0.33000000000000007
2018-06-26,2.88,2.53,0.3500000000000001
2018-06-27,2.83,2.52,0.31000000000000005
2018-06-28,2.84,2.52,0.31999999999999984
2018-06-29,2.85,2.52,0.33000000000000007
2018-07-02,2.87,2.57,0.30000000000000027
2018-07-03,2.83,2.53,0.30000000000000027
2018-07-04,,,
2018-07-05,2.84,2.55,0.29000000000000004
2018-07-06,2.82,2.53,0.29000000000000004
2018-07-09,2.86,2.57,0.29000000000000004
2018-07-10,2.87,2.59,0.28000000000000025
2018-07-11,2.85,2.58,0.27
2018-07-12,2.85,2.6,0.25
2018-07-13,2.83,2.59,0.2400000000000002
2018-07-16,2.85,2.59,0.26000000000000023
2018-07-17,2.86,2.62,0.23999999999999977
2018-07-18,2.88,2.6,0.2799999999999998
2018-07-19,2.84,2.6,0.23999999999999977
2018-07-20,2.89,2.6,0.29000000000000004
2018-07-23,2.96,2.64,0.31999999999999984
2018-07-24,2.95,2.63,0.3200000000000003
2018-07-25,2.94,2.66,0.2799999999999998
2018-07-26,2.98,2.69,0.29000000000000004
2018-07-27,2.96,2.67,0.29000000000000004
2018-07-30,2.98,2.66,0.31999999999999984
2018-07-31,2.96,2.67,0.29000000000000004
2018-08-01,3.0,2.67,0.33000000000000007
2018-08-02,2.98,2.66,0.31999999999999984
2018-08-03,2.95,2.63,0.3200000000000003
2018-08-06,2.94,2.64,0.2999999999999998
2018-08-07,2.98,2.68,0.2999999999999998
2018-08-08,2.96,2.68,0.2799999999999998
2018-08-09,2.93,2.64,0.29000000000000004
2018-08-10,2.87,2.61,0.26000000000000023
2018-08-13,2.88,2.61,0.27
2018-08-14,2.89,2.63,0.26000000000000023
2018-08-15,2.86,2.61,0.25
2018-08-16,2.87,2.63,0.2400000000000002
2018-08-17,2.87,2.61,0.26000000000000023
2018-08-20,2.82,2.6,0.21999999999999975
2018-08-21,2.85,2.61,0.2400000000000002
2018-08-22,2.82,2.6,0.21999999999999975
2018-08-23,2.82,2.61,0.20999999999999996
2018-08-24,2.82,2.63,0.18999999999999995
2018-08-27,2.85,2.67,0.18000000000000016
2018-08-28,2.88,2.67,0.20999999999999996
2018-08-29,2.89,2.67,0.2200000000000002
2018-08-30,2.86,2.64,0.21999999999999975
2018-08-31,2.86,2.62,0.23999999999999977
2018-09-03,,,
2018-09-04,2.9,2.66,0.23999999999999977
2018-09-05,2.9,2.66,0.23999999999999977
2018-09-06,2.88,2.64,0.23999999999999977
2018-09-07,2.94,2.71,0.22999999999999998
2018-09-10,2.94,2.73,0.20999999999999996
2018-09-11,2.98,2.76,0.2200000000000002
2018-09-12,2.97,2.74,0.22999999999999998
2018-09-13,2.97,2.76,0.2100000000000004
2018-09-14,2.99,2.78,0.2100000000000004
2018-09-17,2.99,2.78,0.2100000000000004
2018-09-18,3.05,2.81,0.23999999999999977
2018-09-19,3.08,2.81,0.27
2018-09-20,3.07,2.81,0.2599999999999998
2018-09-21,3.07,2.81,0.2599999999999998
2018-09-24,3.08,2.83,0.25
2018-09-25,3.1,2.83,0.27
2018-09-26,3.06,2.83,0.22999999999999998
2018-09-27,3.06,2.83,0.22999999999999998
2018-09-28,3.05,2.81,0.23999999999999977
2018-10-01,3.09,2.82,0.27
2018-10-02,3.05,2.82,0.22999999999999998
2018-10-03,3.15,2.85,0.2999999999999998
2018-10-04,3.19,2.87,0.31999999999999984
2018-10-05,3.23,2.88,0.3500000000000001
2018-10-08,,,
2018-10-09,3.21,2.88,0.33000000000000007
2018-10-10,3.22,2.88,0.3400000000000003
2018-10-11,3.14,2.85,0.29000000000000004
2018-10-12,3.15,2.85,0.2999999999999998
2018-10-15,3.16,2.85,0.31000000000000005
2018-10-16,3.16,2.87,0.29000000000000004
2018-10-17,3.19,2.89,0.2999999999999998
2018-10-18,3.17,2.87,0.2999999999999998
2018-10-19,3.2,2.92,0.28000000000000025
2018-10-22,3.2,2.92,0.28000000000000025
2018-10-23,3.17,2.89,0.2799999999999998
2018-10-24,3.1,2.84,0.26000000000000023
2018-10-25,3.14,2.86,0.28000000000000025
2018-10-26,3.08,2.81,0.27
2018-10-29,3.08,2.81,0.27
2018-10-30,3.12,2.84,0.28000000000000025
2018-10-31,3.15,2.87,0.2799999999999998
2018-11-01,3.14,2.84,0.30000000000000027
2018-11-02,3.22,2.91,0.31000000000000005
2018-11-05,3.2,2.91,0.29000000000000004
2018-11-06,3.22,2.93,0.29000000000000004
2018-11-07,3.22,2.96,0.26000000000000023
2018-11-08,3.24,2.98,0.26000000000000023
2018-11-09,3.19,2.94,0.25
2018-11-12,,,
2018-11-13,3.14,2.89,0.25
2018-11-14,3.12,2.86,0.26000000000000023
2018-11-15,3.11,2.86,0.25
2018-11-16,3.08,2.81,0.27
2018-11-19,3.06,2.79,0.27
2018-11-20,3.06,2.79,0.27
2018-11-21,3.06,2.81,0.25
2018-11-22,,,
2018-11-23,3.05,2.81,0.23999999999999977
2018-11-26,3.07,2.84,0.22999999999999998
2018-11-27,3.06,2.83,0.22999999999999998
2018-11-28,3.06,2.81,0.25
2018-11-29,3.03,2.81,0.21999999999999975
2018-11-30,3.01,2.8,0.20999999999999996
2018-12-03,2.98,2.83,0.1499999999999999
2018-12-04,2.91,2.8,0.11000000000000032
2018-12-05,,,
2018-12-06,2.87,2.75,0.1200000000000001
2018-12-07,2.85,2.72,0.1299999999999999
2018-12-10,2.85,2.72,0.1299999999999999
2018-12-11,2.89,2.78,0.11000000000000032
2018-12-12,2.91,2.77,0.14000000000000012
2018-12-13,2.91,2.75,0.16000000000000014
2018-12-14,2.89,2.73,0.16000000000000014
2018-12-17,2.86,2.7,0.1599999999999997
2018-12-18,2.82,2.65,0.16999999999999993
2018-12-19,2.77,2.63,0.14000000000000012
2018-12-20,2.79,2.67,0.1200000000000001
2018-12-21,2.79,2.63,0.16000000000000014
2018-12-24,2.74,2.55,0.1900000000000004
2018-12-25,,,
2018-12-26,2.81,2.61,0.20000000000000018
2018-12-27,2.77,2.56,0.20999999999999996
2018-12-28,2.72,2.52,0.20000000000000018
2018-12-31,2.69,2.48,0.20999999999999996
2019-01-01,,,
2019-01-02,2.66,2.5,0.16000000000000014
2019-01-03,2.56,2.39,0.16999999999999993
2019-01-04,2.67,2.5,0.16999999999999993
2019-01-07,2.7,2.53,0.17000000000000037
2019-01-08,2.73,2.58,0.1499999999999999
2019-01-09,2.74,2.56,0.18000000000000016
2019-01-10,2.74,2.56,0.18000000000000016
2019-01-11,2.71,2.55,0.16000000000000014
2019-01-14,2.71,2.53,0.18000000000000016
2019-01-15,2.72,2.53,0.1900000000000004
2019-01-16,2.73,2.55,0.18000000000000016
2019-01-17,2.75,2.56,0.18999999999999995
2019-01-18,2.79,2.62,0.16999999999999993
2019-01-21,,,
2019-01-22,2.74,2.58,0.16000000000000014
2019-01-23,2.76,2.58,0.17999999999999972
2019-01-24,2.72,2.56,0.16000000000000014
2019-01-25,2.76,2.6,0.1599999999999997
2019-01-28,2.75,2.6,0.1499999999999999
2019-01-29,2.72,2.56,0.16000000000000014
2019-01-30,2.7,2.52,0.18000000000000016
2019-01-31,2.63,2.45,0.17999999999999972
2019-02-01,2.7,2.52,0.18000000000000016
2019-02-04,2.73,2.53,0.20000000000000018
2019-02-05,2.71,2.53,0.18000000000000016
2019-02-06,2.7,2.52,0.18000000000000016
2019-02-07,2.65,2.48,0.16999999999999993
2019-02-08,2.63,2.45,0.17999999999999972
2019-02-11,2.65,2.48,0.16999999999999993
2019-02-12,2.68,2.5,0.18000000000000016
2019-02-13,2.71,2.53,0.18000000000000016
2019-02-14,2.66,2.5,0.16000000000000014
2019-02-15,2.66,2.52,0.14000000000000012
2019-02-18,,,
2019-02-19,2.65,2.5,0.1499999999999999
2019-02-20,2.65,2.5,0.1499999999999999
2019-02-21,2.69,2.53,0.16000000000000014
2019-02-22,2.65,2.48,0.16999999999999993
2019-02-25,2.67,2.51,0.16000000000000014
2019-02-26,2.64,2.48,0.16000000000000014
2019-02-27,2.69,2.5,0.18999999999999995
2019-02-28,2.73,2.52,0.20999999999999996
2019-03-01,2.76,2.55,0.20999999999999996
2019-03-04,2.72,2.55,0.17000000000000037
2019-03-05,2.72,2.55,0.17000000000000037
2019-03-06,2.69,2.52,0.16999999999999993
2019-03-07,2.64,2.47,0.16999999999999993
2019-03-08,2.62,2.45,0.16999999999999993
2019-03-11,2.64,2.47,0.16999999999999993
2019-03-12,2.61,2.45,0.1599999999999997
2019-03-13,2.61,2.45,0.1599999999999997
2019-03-14,2.63,2.46,0.16999999999999993
2019-03-15,2.59,2.43,0.1599999999999997
2019-03-18,2.6,2.45,0.1499999999999999
2019-03-19,2.61,2.46,0.1499999999999999
2019-03-20,2.54,2.4,0.14000000000000012
2019-03-21,2.54,2.41,0.1299999999999999
2019-03-22,2.44,2.31,0.1299999999999999
2019-03-25,2.43,2.26,0.17000000000000037
2019-03-26,2.41,2.24,0.16999999999999993
2019-03-27,2.39,2.22,0.16999999999999993
2019-03-28,2.39,2.23,0.16000000000000014
2019-03-29,2.41,2.27,0.14000000000000012
2019-04-01,2.49,2.33,0.16000000000000014
2019-04-02,2.48,2.3,0.18000000000000016
2019-04-03,2.52,2.33,0.18999999999999995
2019-04-04,2.51,2.33,0.17999999999999972
2019-04-05,2.5,2.35,0.1499999999999999
2019-04-08,2.52,2.36,0.16000000000000014
2019-04-09,2.51,2.35,0.1599999999999997
2019-04-10,2.48,2.31,0.16999999999999993
2019-04-11,2.51,2.35,0.1599999999999997
2019-04-12,2.56,2.4,0.16000000000000014
2019-04-15,2.55,2.4,0.1499999999999999
2019-04-16,2.6,2.41,0.18999999999999995
2019-04-17,2.59,2.4,0.18999999999999995
2019-04-18,2.57,2.38,0.18999999999999995
2019-04-19,,,
2019-04-22,2.59,2.38,0.20999999999999996
2019-04-23,2.57,2.36,0.20999999999999996
2019-04-24,2.53,2.32,0.20999999999999996
2019-04-25,2.54,2.33,0.20999999999999996
2019-04-26,2.51,2.28,0.22999999999999998
2019-04-29,2.54,2.3,0.2400000000000002
2019-04-30,2.51,2.27,0.23999999999999977
2019-05-01,2.52,2.31,0.20999999999999996
2019-05-02,2.55,2.35,0.19999999999999973
2019-05-03,2.54,2.33,0.20999999999999996
2019-05-06,2.51,2.31,0.19999999999999973
2019-05-07,2.45,2.28,0.17000000000000037
2019-05-08,2.49,2.3,0.1900000000000004
2019-05-09,2.45,2.26,0.1900000000000004
2019-05-10,2.47,2.26,0.2100000000000004
2019-05-13,2.4,2.18,0.21999999999999975
2019-05-14,2.42,2.2,0.21999999999999975
2019-05-15,2.37,2.16,0.20999999999999996
2019-05-16,2.4,2.2,0.19999999999999973
2019-05-17,2.39,2.2,0.18999999999999995
2019-05-20,2.41,2.21,0.20000000000000018
2019-05-21,2.43,2.26,0.17000000000000037
2019-05-22,2.39,2.23,0.16000000000000014
2019-05-23,2.31,2.12,0.18999999999999995
2019-05-24,2.32,2.16,0.1599999999999997
2019-05-27,,,
2019-05-28,2.26,2.12,0.13999999999999968
2019-05-29,2.25,2.09,0.16000000000000014
2019-05-30,2.22,2.06,0.16000000000000014
2019-05-31,2.14,1.95,0.19000000000000017
2019-06-03,2.07,1.82,0.24999999999999978
2019-06-04,2.12,1.88,0.2400000000000002
2019-06-05,2.12,1.83,0.29000000000000004
2019-06-06,2.12,1.88,0.2400000000000002
2019-06-07,2.09,1.85,0.23999999999999977
2019-06-10,2.15,1.9,0.25
2019-06-11,2.15,1.93,0.21999999999999997
2019-06-12,2.13,1.88,0.25
2019-06-13,2.1,1.83,0.27
2019-06-14,2.09,1.84,0.24999999999999978
2019-06-17,2.09,1.86,0.22999999999999976
2019-06-18,2.06,1.86,0.19999999999999996
2019-06-19,2.03,1.74,0.2899999999999998
2019-06-20,2.01,1.72,0.2899999999999998
2019-06-21,2.07,1.77,0.2999999999999998
2019-06-24,2.02,1.72,0.30000000000000004
2019-06-25,2.0,1.71,0.29000000000000004
2019-06-26,2.05,1.77,0.2799999999999998
2019-06-27,2.01,1.74,0.2699999999999998
2019-06-28,2.0,1.75,0.25
2019-07-01,2.03,1.78,0.24999999999999978
2019-07-02,1.98,1.77,0.20999999999999996
2019-07-03,1.96,1.77,0.18999999999999995
2019-07-04,,,
2019-07-05,2.04,1.87,0.16999999999999993
2019-07-08,2.05,1.88,0.16999999999999993
2019-07-09,2.07,1.92,0.1499999999999999
2019-07-10,2.07,1.82,0.24999999999999978
2019-07-11,2.13,1.85,0.2799999999999998
2019-07-12,2.12,1.84,0.28
2019-07-15,2.09,1.83,0.2599999999999998
2019-07-16,2.13,1.87,0.2599999999999998
2019-07-17,2.06,1.83,0.22999999999999998
2019-07-18,2.04,1.77,0.27
2019-07-19,2.05,1.8,0.24999999999999978
2019-07-22,2.05,1.8,0.24999999999999978
2019-07-23,2.08,1.83,0.25
2019-07-24,2.05,1.83,0.21999999999999975
2019-07-25,2.08,1.86,0.21999999999999997
2019-07-26,2.08,1.86,0.21999999999999997
2019-07-29,2.06,1.85,0.20999999999999996
2019-07-30,2.06,1.85,0.20999999999999996
2019-07-31,2.02,1.89,0.13000000000000012
2019-08-01,1.9,1.73,0.16999999999999993
2019-08-02,1.86,1.72,0.14000000000000012
2019-08-05,1.75,1.59,0.15999999999999992
2019-08-06,1.73,1.6,0.1299999999999999
2019-08-07,1.71,1.59,0.11999999999999988
2019-08-08,1.72,1.62,0.09999999999999987
2019-08-09,1.74,1.63,0.1100000000000001
2019-08-12,1.65,1.58,0.06999999999999984
2019-08-13,1.68,1.66,0.020000000000000018
2019-08-14,1.59,1.58,0.010000000000000009
2019-08-15,1.52,1.48,0.040000000000000036
2019-08-16,1.55,1.48,0.07000000000000006
2019-08-19,1.6,1.53,0.07000000000000006
2019-08-20,1.55,1.5,0.050000000000000044
2019-08-21,1.59,1.56,0.030000000000000027
2019-08-22,1.62,1.61,0.010000000000000009
2019-08-23,1.52,1.51,0.010000000000000009
2019-08-26,1.54,1.54,0.0
2019-08-27,1.49,1.53,-0.040000000000000036
2019-08-28,1.47,1.5,-0.030000000000000027
2019-08-29,1.5,1.53,-0.030000000000000027
2019-08-30,1.5,1.5,0.0
2019-09-02,,,
2019-09-03,1.47,1.47,0.0
2019-09-04,1.47,1.43,0.040000000000000036
2019-09-05,1.57,1.55,0.020000000000000018
2019-09-06,1.55,1.53,0.020000000000000018
2019-09-09,1.63,1.58,0.04999999999999982
2019-09-10,1.72,1.67,0.050000000000000044
2019-09-11,1.75,1.68,0.07000000000000006
2019-09-12,1.79,1.72,0.07000000000000006
2019-09-13,1.9,1.79,0.10999999999999988
2019-09-16,1.84,1.74,0.10000000000000009
2019-09-17,1.81,1.72,0.09000000000000008
2019-09-18,1.8,1.77,0.030000000000000027
2019-09-19,1.79,1.74,0.050000000000000044
2019-09-20,1.74,1.69,0.050000000000000044
2019-09-23,1.72,1.68,0.040000000000000036
2019-09-24,1.64,1.6,0.039999999999999813
2019-09-25,1.73,1.68,0.050000000000000044
2019-09-26,1.7,1.66,0.040000000000000036
2019-09-27,1.69,1.63,0.06000000000000005
2019-09-30,1.68,1.63,0.050000000000000044
2019-10-01,1.65,1.56,0.08999999999999986
2019-10-02,1.6,1.48,0.1200000000000001
2019-10-03,1.54,1.39,0.15000000000000013
2019-10-04,1.52,1.4,0.1200000000000001
2019-10-07,1.56,1.46,0.10000000000000009
2019-10-08,1.54,1.42,0.1200000000000001
2019-10-09,1.59,1.47,0.1200000000000001
2019-10-10,1.67,1.53,0.1399999999999999
2019-10-11,1.76,1.63,0.13000000000000012
2019-10-14,,,
2019-10-15,1.77,1.61,0.15999999999999992
2019-10-16,1.75,1.58,0.16999999999999993
2019-10-17,1.76,1.6,0.15999999999999992
2019-10-18,1.76,1.58,0.17999999999999994
2019-10-21,1.8,1.62,0.17999999999999994
2019-10-22,1.78,1.6,0.17999999999999994
2019-10-23,1.77,1.58,0.18999999999999995
2019-10-24,1.77,1.58,0.18999999999999995
2019-10-25,1.8,1.63,0.17000000000000015
2019-10-28,1.85,1.64,0.2100000000000002
2019-10-29,1.84,1.64,0.20000000000000018
2019-10-30,1.78,1.61,0.16999999999999993
2019-10-31,1.69,1.52,0.16999999999999993
2019-11-01,1.73,1.56,0.16999999999999993
2019-11-04,1.79,1.6,0.18999999999999995
2019-11-05,1.86,1.63,0.2300000000000002
2019-11-06,1.81,1.61,0.19999999999999996
2019-11-07,1.92,1.68,0.24
2019-11-08,1.94,1.68,0.26
2019-11-11,,,
2019-11-12,1.92,1.66,0.26
2019-11-13,1.88,1.63,0.25
2019-11-14,1.82,1.58,0.24
2019-11-15,1.84,1.61,0.22999999999999998
2019-11-18,1.81,1.6,0.20999999999999996
2019-11-19,1.79,1.6,0.18999999999999995
2019-11-20,1.73,1.56,0.16999999999999993
2019-11-21,1.77,1.6,0.16999999999999993
2019-11-22,1.77,1.61,0.15999999999999992
2019-11-25,1.76,1.61,0.1499999999999999
2019-11-26,1.74,1.58,0.15999999999999992
2019-11-27,1.77,1.63,0.14000000000000012
2019-11-28,,,
2019-11-29,1.78,1.61,0.16999999999999993
2019-12-02,1.83,1.61,0.21999999999999997
2019-12-03,1.72,1.53,0.18999999999999995
2019-12-04,1.77,1.58,0.18999999999999995
2019-12-05,1.8,1.58,0.21999999999999997
2019-12-06,1.84,1.61,0.22999999999999998
2019-12-09,1.83,1.63,0.20000000000000018
2019-12-10,1.85,1.65,0.20000000000000018
2019-12-11,1.79,1.61,0.17999999999999994
2019-12-12,1.9,1.66,0.24
2019-12-13,1.82,1.61,0.20999999999999996
2019-12-16,1.89,1.65,0.24
2019-12-17,1.89,1.63,0.26
2019-12-18,1.92,1.63,0.29000000000000004
2019-12-19,1.92,1.62,0.2999999999999998
2019-12-20,1.92,1.63,0.29000000000000004
2019-12-23,1.93,1.64,0.29000000000000004
2019-12-24,1.9,1.62,0.2799999999999998
2019-12-25,,,
2019-12-26,1.9,1.64,0.26
2019-12-27,1.88,1.59,0.2899999999999998
2019-12-30,1.9,1.58,0.31999999999999984
2019-12-31,1.92,1.58,0.33999999999999986
2020-01-01,,,
2020-01-02,1.88,1.58,0.2999999999999998
2020-01-03,1.8,1.53,0.27
2020-01-06,1.81,1.54,0.27
2020-01-07,1.83,1.54,0.29000000000000004
2020-01-08,1.87,1.58,0.29000000000000004
2020-01-09,1.85,1.58,0.27
2020-01-10,1.83,1.56,0.27
2020-01-13,1.85,1.58,0.27
2020-01-14,1.82,1.58,0.24
2020-01-15,1.79,1.56,0.22999999999999998
2020-01-16,1.81,1.58,0.22999999999999998
2020-01-17,1.84,1.58,0.26
2020-01-20,,,
2020-01-21,1.78,1.53,0.25
2020-01-22,1.77,1.53,0.24
2020-01-23,1.74,1.51,0.22999999999999998
2020-01-24,1.7,1.49,0.20999999999999996
2020-01-27,1.61,1.44,0.17000000000000015
2020-01-28,1.65,1.45,0.19999999999999996
2020-01-29,1.6,1.42,0.18000000000000016
2020-01-30,1.57,1.41,0.16000000000000014
2020-01-31,1.51,1.33,0.17999999999999994
2020-02-03,1.54,1.36,0.17999999999999994
2020-02-04,1.61,1.41,0.20000000000000018
2020-02-05,1.66,1.44,0.21999999999999997
2020-02-06,1.65,1.44,0.20999999999999996
2020-02-07,1.59,1.41,0.18000000000000016
2020-02-10,1.56,1.37,0.18999999999999995
2020-02-11,1.59,1.41,0.18000000000000016
2020-02-12,1.62,1.44,0.18000000000000016
2020-02-13,1.61,1.44,0.17000000000000015
2020-02-14,1.59,1.42,0.17000000000000015
2020-02-17,,,
2020-02-18,1.55,1.41,0.14000000000000012
2020-02-19,1.56,1.42,0.14000000000000012
2020-02-20,1.52,1.39,0.13000000000000012
2020-02-21,1.46,1.34,0.11999999999999988
2020-02-24,1.38,1.26,0.11999999999999988
2020-02-25,1.33,1.2,0.13000000000000012
2020-02-26,1.33,1.16,0.17000000000000015
2020-02-27,1.3,1.11,0.18999999999999995
2020-02-28,1.13,0.86,0.2699999999999999
2020-03-02,1.1,0.84,0.2600000000000001
2020-03-03,1.02,0.71,0.31000000000000005
2020-03-04,1.02,0.67,0.35
2020-03-05,0.92,0.59,0.33000000000000007
2020-03-06,0.74,0.49,0.25
2020-03-09,0.54,0.38,0.16000000000000003
2020-03-10,0.76,0.5,0.26
2020-03-11,0.82,0.5,0.31999999999999995
2020-03-12,0.88,0.5,0.38
2020-03-13,0.94,0.49,0.44999999999999996
2020-03-16,0.73,0.36,0.37
2020-03-17,1.02,0.47,0.55
2020-03-18,1.18,0.54,0.6399999999999999
2020-03-19,1.12,0.44,0.6800000000000002
2020-03-20,0.92,0.37,0.55
2020-03-23,0.76,0.28,0.48
2020-03-24,0.84,0.38,0.45999999999999996
2020-03-25,0.88,0.34,0.54
2020-03-26,0.83,0.3,0.53
2020-03-27,0.72,0.25,0.47
2020-03-30,0.7,0.23,0.47
2020-03-31,0.7,0.23,0.47
2020-04-01,0.62,0.23,0.39
2020-04-02,0.63,0.23,0.4
2020-04-03,0.62,0.23,0.39
2020-04-06,0.67,0.27,0.4
2020-04-07,0.75,0.28,0.47
2020-04-08,0.77,0.27,0.5
2020-04-09,0.73,0.23,0.5
2020-04-10,,,
2020-04-13,0.76,0.25,0.51
2020-04-14,0.76,0.23,0.53
2020-04-15,0.63,0.2,0.43
2020-04-16,0.61,0.2,0.41
2020-04-17,0.65,0.2,0.45
2020-04-20,0.63,0.2,0.43
2020-04-21,0.58,0.2,0.37999999999999995
2020-04-22,0.63,0.22,0.41000000000000003
2020-04-23,0.61,0.22,0.39
2020-04-24,0.6,0.22,0.38
2020-04-27,0.67,0.24,0.43000000000000005
2020-04-28,0.62,0.2,0.42
2020-04-29,0.63,0.2,0.43
2020-04-30,0.64,0.2,0.44
2020-05-01,0.64,0.2,0.44
2020-05-04,0.64,0.19,0.45
2020-05-05,0.66,0.19,0.47000000000000003
2020-05-06,0.72,0.17,0.5499999999999999
2020-05-07,0.63,0.13,0.5
2020-05-08,0.69,0.16,0.5299999999999999
2020-05-11,0.73,0.17,0.5599999999999999
2020-05-12,0.69,0.17,0.5199999999999999
2020-05-13,0.64,0.16,0.48
2020-05-14,0.63,0.16,0.47
2020-05-15,0.64,0.16,0.48
2020-05-18,0.73,0.18,0.55
2020-05-19,0.7,0.17,0.5299999999999999
2020-05-20,0.68,0.16,0.52
2020-05-21,0.68,0.17,0.51
2020-05-22,0.66,0.17,0.49
2020-05-25,,,
2020-05-26,0.69,0.18,0.51
2020-05-27,0.68,0.19,0.49000000000000005
2020-05-28,0.7,0.17,0.5299999999999999
2020-05-29,0.65,0.16,0.49
2020-06-01,0.66,0.14,0.52
2020-06-02,0.68,0.17,0.51
2020-06-03,0.77,0.19,0.5800000000000001
2020-06-04,0.82,0.19,0.6299999999999999
2020-06-05,0.91,0.22,0.6900000000000001
2020-06-08,0.88,0.22,0.66
2020-06-09,0.84,0.2,0.6399999999999999
2020-06-10,0.75,0.17,0.58
2020-06-11,0.66,0.19,0.47000000000000003
2020-06-12,0.71,0.19,0.52
2020-06-15,0.71,0.19,0.52
2020-06-16,0.75,0.21,0.54
2020-06-17,0.74,0.19,0.55
2020-06-18,0.71,0.19,0.52
2020-06-19,0.7,0.19,0.51
2020-06-22,0.71,0.19,0.52
2020-06-23,0.72,0.18,0.54
2020-06-24,0.69,0.19,0.49999999999999994
2020-06-25,0.68,0.17,0.51
2020-06-26,0.64,0.17,0.47
2020-06-29,0.64,0.16,0.48
2020-06-30,0.66,0.16,0.5
2020-07-01,0.69,0.17,0.5199999999999999
2020-07-02,0.68,0.16,0.52
2020-07-03,,,
2020-07-06,0.69,0.16,0.5299999999999999
2020-07-07,0.65,0.16,0.49
2020-07-08,0.67,0.16,0.51
2020-07-09,0.62,0.16,0.45999999999999996
2020-07-10,0.65,0.16,0.49
2020-07-13,0.64,0.16,0.48
2020-07-14,0.63,0.14,0.49
2020-07-15,0.64,0.16,0.48
2020-07-16,0.62,0.16,0.45999999999999996
2020-07-17,0.64,0.14,0.5
2020-07-20,0.62,0.16,0.45999999999999996
2020-07-21,0.61,0.14,0.47
2020-07-22,0.6,0.14,0.45999999999999996
2020-07-23,0.59,0.16,0.42999999999999994
2020-07-24,0.59,0.14,0.44999999999999996
2020-07-27,0.62,0.15,0.47
2020-07-28,0.59,0.14,0.44999999999999996
2020-07-29,0.58,0.12,0.45999999999999996
2020-07-30,0.55,0.11,0.44000000000000006
2020-07-31,0.55,0.11,0.44000000000000006
2020-08-03,0.56,0.11,0.45000000000000007
2020-08-04,0.52,0.11,0.41000000000000003
2020-08-05,0.55,0.11,0.44000000000000006
2020-08-06,0.55,0.11,0.44000000000000006
2020-08-07,0.57,0.13,0.43999999999999995
2020-08-10,0.59,0.14,0.44999999999999996
2020-08-11,0.64,0.16,0.48
2020-08-12,0.69,0.16,0.5299999999999999
2020-08-13,0.71,0.16,0.5499999999999999
2020-08-14,0.71,0.14,0.57
2020-08-17,0.69,0.14,0.5499999999999999
2020-08-18,0.67,0.14,0.53
2020-08-19,0.68,0.14,0.54
2020-08-20,0.65,0.13,0.52
2020-08-21,0.64,0.16,0.48
2020-08-24,0.65,0.14,0.51
2020-08-25,0.69,0.15,0.5399999999999999
2020-08-26,0.69,0.16,0.5299999999999999
2020-08-27,0.74,0.16,0.58
2020-08-28,0.74,0.14,0.6
2020-08-31,0.72,0.14,0.58
2020-09-01,0.68,0.13,0.55
2020-09-02,0.66,0.14,0.52
2020-09-03,0.63,0.13,0.5
2020-09-04,0.72,0.14,0.58
2020-09-07,,,
2020-09-08,0.69,0.14,0.5499999999999999
2020-09-09,0.71,0.14,0.57
2020-09-10,0.68,0.14,0.54
2020-09-11,0.67,0.13,0.54
2020-09-14,0.68,0.14,0.54
2020-09-15,0.68,0.14,0.54
2020-09-16,0.69,0.14,0.5499999999999999
2020-09-17,0.69,0.13,0.5599999999999999
2020-09-18,0.7,0.14,0.5599999999999999
2020-09-21,0.68,0.14,0.54
2020-09-22,0.68,0.13,0.55
2020-09-23,0.68,0.14,0.54
2020-09-24,0.67,0.14,0.53
2020-09-25,0.66,0.12,0.54
2020-09-28,0.67,0.14,0.53
2020-09-29,0.66,0.11,0.55
2020-09-30,0.69,0.13,0.5599999999999999
2020-10-01,0.68,0.14,0.54
2020-10-02,0.7,0.13,0.57
2020-10-05,0.78,0.14,0.64
2020-10-06,0.76,0.14,0.62
2020-10-07,0.81,0.16,0.65
2020-10-08,0.78,0.13,0.65
2020-10-09,0.79,0.16,0.63
2020-10-12,,,
2020-10-13,0.74,0.16,0.58
2020-10-14,0.73,0.14,0.59
2020-10-15,0.74,0.14,0.6
2020-10-16,0.76,0.14,0.62
2020-10-19,0.78,0.16,0.62
2020-10-20,0.81,0.14,0.67
2020-10-21,0.83,0.14,0.69
2020-10-22,0.87,0.16,0.71
2020-10-23,0.85,0.18,0.6699999999999999
2020-10-26,0.81,0.16,0.65
2020-10-27,0.79,0.16,0.63
2020-10-28,0.79,0.16,0.63
2020-10-29,0.85,0.16,0.69
2020-10-30,0.88,0.14,0.74
2020-11-02,0.87,0.16,0.71
2020-11-03,0.9,0.17,0.73
2020-11-04,0.78,0.14,0.64
2020-11-05,0.79,0.14,0.65
2020-11-06,0.83,0.16,0.6699999999999999
2020-11-09,0.96,0.17,0.7899999999999999
2020-11-10,0.98,0.19,0.79
2020-11-11,,,
2020-11-12,0.88,0.17,0.71
2020-11-13,0.89,0.17,0.72
2020-11-16,0.91,0.19,0.72
2020-11-17,0.87,0.18,0.69
2020-11-18,0.88,0.16,0.72
2020-11-19,0.86,0.18,0.6799999999999999
2020-11-20,0.83,0.16,0.6699999999999999
2020-11-23,0.86,0.16,0.7
2020-11-24,0.88,0.16,0.72
2020-11-25,0.88,0.17,0.71
2020-11-26,,,
2020-11-27,0.84,0.16,0.6799999999999999
2020-11-30,0.84,0.16,0.6799999999999999
2020-12-01,0.92,0.17,0.75
2020-12-02,0.95,0.16,0.7899999999999999
2020-12-03,0.92,0.16,0.76
2020-12-04,0.97,0.16,0.8099999999999999
2020-12-07,0.94,0.14,0.7999999999999999
2020-12-08,0.92,0.14,0.78
2020-12-09,0.95,0.16,0.7899999999999999
2020-12-10,0.92,0.14,0.78
2020-12-11,0.9,0.11,0.79
2020-12-14,0.9,0.13,0.77
2020-12-15,0.92,0.11,0.81
2020-12-16,0.92,0.13,0.79
2020-12-17,0.94,0.13,0.8099999999999999
2020-12-18,0.95,0.13,0.82
2020-12-21,0.95,0.13,0.82
2020-12-22,0.93,0.13,0.8
2020-12-23,0.96,0.13,0.83
2020-12-24,0.94,0.13,0.8099999999999999
2020-12-25,,,
2020-12-28,0.94,0.13,0.8099999999999999
2020-12-29,0.94,0.12,0.82
2020-12-30,0.93,0.12,0.81
2020-12-31,0.93,0.13,0.8
2021-01-01,,,
2021-01-04,0.93,0.11,0.8200000000000001
2021-01-05,0.96,0.13,0.83
2021-01-06,1.04,0.14,0.9
2021-01-07,1.08,0.14,0.9400000000000001
2021-01-08,1.13,0.14,0.9899999999999999
2021-01-11,1.15,0.14,1.0099999999999998
2021-01-12,1.15,0.14,1.0099999999999998
2021-01-13,1.1,0.14,0.9600000000000001
2021-01-14,1.15,0.16,0.9899999999999999
2021-01-15,1.11,0.13,0.9800000000000001
2021-01-18,,,
2021-01-19,1.1,0.14,0.9600000000000001
2021-01-20,1.1,0.13,0.9700000000000001
2021-01-21,1.12,0.13,0.9900000000000001
2021-01-22,1.1,0.13,0.9700000000000001
2021-01-25,1.05,0.13,0.92
2021-01-26,1.05,0.11,0.9400000000000001
2021-01-27,1.04,0.12,0.92
2021-01-28,1.07,0.12,0.9500000000000001
2021-01-29,1.11,0.11,1.0
2021-02-01,1.09,0.11,0.9800000000000001
2021-02-02,1.12,0.11,1.01
2021-02-03,1.15,0.11,1.0399999999999998
2021-02-04,1.15,0.11,1.0399999999999998
2021-02-05,1.19,0.09,1.0999999999999999
2021-02-08,1.19,0.11,1.0799999999999998
2021-02-09,1.18,0.11,1.0699999999999998
2021-02-10,1.15,0.11,1.0399999999999998
2021-02-11,1.16,0.11,1.0499999999999998
2021-02-12,1.2,0.11,1.0899999999999999
2021-02-15,,,
2021-02-16,1.3,0.13,1.17
2021-02-17,1.29,0.11,1.18
2021-02-18,1.29,0.11,1.18
2021-02-19,1.34,0.11,1.23
2021-02-22,1.37,0.11,1.26
2021-02-23,1.37,0.11,1.26
2021-02-24,1.38,0.12,1.2599999999999998
2021-02-25,1.54,0.17,1.37
2021-02-26,1.44,0.14,1.2999999999999998
2021-03-01,1.45,0.13,1.3199999999999998
2021-03-02,1.42,0.13,1.29
2021-03-03,1.47,0.14,1.33
2021-03-04,1.54,0.14,1.4
2021-03-05,1.56,0.14,1.42
2021-03-08,1.59,0.17,1.4200000000000002
2021-03-09,1.55,0.17,1.3800000000000001
2021-03-10,1.53,0.16,1.37
2021-03-11,1.54,0.14,1.4
2021-03-12,1.64,0.14,1.5
2021-03-15,1.62,0.14,1.48
2021-03-16,1.62,0.15,1.4700000000000002
2021-03-17,1.63,0.13,1.5
2021-03-18,1.71,0.16,1.55
2021-03-19,1.74,0.16,1.58
2021-03-22,1.69,0.15,1.54
2021-03-23,1.63,0.15,1.48
2021-03-24,1.62,0.14,1.48
2021-03-25,1.63,0.14,1.4899999999999998
2021-03-26,1.67,0.14,1.5299999999999998
2021-03-29,1.73,0.14,1.5899999999999999
2021-03-30,1.73,0.16,1.57
2021-03-31,1.74,0.16,1.58
2021-04-01,1.69,0.17,1.52
2021-04-02,1.72,0.19,1.53
2021-04-05,1.73,0.17,1.56
2021-04-06,1.67,0.16,1.51
2021-04-07,1.68,0.16,1.52
2021-04-08,1.64,0.14,1.5
2021-04-09,1.67,0.16,1.51
2021-04-12,1.69,0.18,1.51
2021-04-13,1.64,0.16,1.48
2021-04-14,1.64,0.16,1.48
2021-04-15,1.56,0.16,1.4000000000000001
2021-04-16,1.59,0.16,1.4300000000000002
2021-04-19,1.61,0.16,1.4500000000000002
2021-04-20,1.58,0.15,1.4300000000000002
2021-04-21,1.57,0.15,1.4200000000000002
2021-04-22,1.57,0.16,1.4100000000000001
2021-04-23,1.58,0.16,1.4200000000000002
2021-04-26,1.58,0.18,1.4000000000000001
2021-04-27,1.63,0.17,1.46
2021-04-28,1.63,0.17,1.46
2021-04-29,1.65,0.16,1.49
2021-04-30,1.65,0.16,1.49
2021-05-03,1.63,0.16,1.47
2021-05-04,1.61,0.16,1.4500000000000002
2021-05-05,1.59,0.16,1.4300000000000002
2021-05-06,1.58,0.16,1.4200000000000002
2021-05-07,1.6,0.14,1.46
2021-05-10,1.63,0.16,1.47
2021-05-11,1.64,0.16,1.48
2021-05-12,1.69,0.16,1.53
2021-05-13,1.66,0.16,1.5
2021-05-14,1.63,0.16,1.47
2021-05-17,1.64,0.16,1.48
2021-05-18,1.64,0.16,1.48
2021-05-19,1.68,0.16,1.52
2021-05-20,1.63,0.15,1.48
2021-05-21,1.63,0.17,1.46
2021-05-24,1.61,0.15,1.4600000000000002
2021-05-25,1.56,0.15,1.4100000000000001
2021-05-26,1.58,0.14,1.44
2021-05-27,1.61,0.14,1.4700000000000002
2021-05-28,1.58,0.14,1.44
2021-05-31,,,
2021-06-01,1.62,0.16,1.4600000000000002
2021-06-02,1.59,0.13,1.46
2021-06-03,1.63,0.16,1.47
2021-06-04,1.56,0.14,1.42
2021-06-07,1.57,0.16,1.4100000000000001
2021-06-08,1.53,0.14,1.3900000000000001
2021-06-09,1.5,0.16,1.34
2021-06-10,1.45,0.14,1.31
2021-06-11,1.47,0.16,1.31
2021-06-14,1.51,0.16,1.35
2021-06-15,1.51,0.16,1.35
2021-06-16,1.57,0.21,1.36
2021-06-17,1.52,0.23,1.29
2021-06-18,1.45,0.26,1.19
2021-06-21,1.5,0.27,1.23
2021-06-22,1.48,0.25,1.23
2021-06-23,1.5,0.26,1.24
2021-06-24,1.49,0.26,1.23
2021-06-25,1.54,0.28,1.26
2021-06-28,1.49,0.25,1.24
2021-06-29,1.49,0.27,1.22
2021-06-30,1.45,0.25,1.2
2021-07-01,1.48,0.25,1.23
2021-07-02,1.44,0.24,1.2
2021-07-05,,,
2021-07-06,1.37,0.22,1.1500000000000001
2021-07-07,1.33,0.22,1.11
2021-07-08,1.3,0.19,1.11
2021-07-09,1.37,0.23,1.1400000000000001
2021-07-12,1.38,0.23,1.15
2021-07-13,1.42,0.26,1.16
2021-07-14,1.37,0.23,1.1400000000000001
2021-07-15,1.31,0.23,1.08
2021-07-16,1.31,0.25,1.06
2021-07-19,1.19,0.21,0.98
2021-07-20,1.23,0.2,1.03
2021-07-21,1.3,0.22,1.08
2021-07-22,1.27,0.2,1.07
2021-07-23,1.3,0.22,1.08
2021-07-26,1.29,0.22,1.07
2021-07-27,1.25,0.2,1.05
2021-07-28,1.26,0.2,1.06
2021-07-29,1.28,0.2,1.08
2021-07-30,1.24,0.19,1.05
2021-08-02,1.2,0.17,1.03
2021-08-03,1.19,0.17,1.02
2021-08-04,1.19,0.17,1.02
2021-08-05,1.23,0.21,1.02
2021-08-06,1.31,0.21,1.1
2021-08-09,1.33,0.23,1.1
2021-08-10,1.36,0.24,1.12
2021-08-11,1.35,0.23,1.12
2021-08-12,1.36,0.23,1.1300000000000001
2021-08-13,1.29,0.23,1.06
2021-08-16,1.26,0.21,1.05
2021-08-17,1.26,0.23,1.03
2021-08-18,1.27,0.23,1.04
2021-08-19,1.24,0.22,1.02
2021-08-20,1.26,0.23,1.03
2021-08-23,1.25,0.23,1.02
2021-08-24,1.29,0.24,1.05
2021-08-25,1.35,0.23,1.12
2021-08-26,1.34,0.25,1.09
2021-08-27,1.31,0.22,1.09
2021-08-30,1.29,0.2,1.09
2021-08-31,1.3,0.2,1.1
2021-09-01,1.31,0.2,1.11
2021-09-02,1.29,0.2,1.09
2021-09-03,1.33,0.21,1.12
2021-09-06,,,
2021-09-07,1.38,0.22,1.16
2021-09-08,1.35,0.22,1.1300000000000001
2021-09-09,1.3,0.23,1.07
2021-09-10,1.35,0.23,1.12
2021-09-13,1.33,0.21,1.12
2021-09-14,1.28,0.21,1.07
2021-09-15,1.31,0.21,1.1
2021-09-16,1.34,0.23,1.11
2021-09-17,1.37,0.23,1.1400000000000001
2021-09-20,1.31,0.23,1.08
2021-09-21,1.33,0.22,1.11
2021-09-22,1.32,0.25,1.07
2021-09-23,1.41,0.27,1.14
2021-09-24,1.47,0.29,1.18
2021-09-27,1.48,0.31,1.17
2021-09-28,1.54,0.31,1.23
2021-09-29,1.55,0.3,1.25
2021-09-30,1.52,0.28,1.24
2021-10-01,1.48,0.27,1.21
2021-10-04,1.49,0.27,1.22
2021-10-05,1.54,0.28,1.26
2021-10-06,1.53,0.3,1.23
2021-10-07,1.58,0.32,1.26
2021-10-08,1.61,0.32,1.29
2021-10-11,,,
2021-10-12,1.59,0.35,1.2400000000000002
2021-10-13,1.56,0.37,1.19
2021-10-14,1.52,0.36,1.1600000000000001
2021-10-15,1.59,0.41,1.1800000000000002
2021-10-18,1.59,0.44,1.1500000000000001
2021-10-19,1.65,0.41,1.24
2021-10-20,1.65,0.4,1.25
2021-10-21,1.68,0.45,1.23
2021-10-22,1.66,0.48,1.18
2021-10-25,1.64,0.47,1.17
2021-10-26,1.63,0.47,1.16
2021-10-27,1.54,0.5,1.04
2021-10-28,1.57,0.5,1.07
2021-10-29,1.55,0.48,1.07
2021-11-01,1.58,0.5,1.08
2021-11-02,1.56,0.46,1.1
2021-11-03,1.6,0.47,1.1300000000000001
2021-11-04,1.53,0.41,1.12
2021-11-05,1.45,0.39,1.06
2021-11-08,1.51,0.45,1.06
2021-11-09,1.46,0.41,1.05
2021-11-10,1.56,0.51,1.05
2021-11-11,,,
2021-11-12,1.58,0.53,1.05
2021-11-15,1.63,0.53,1.0999999999999999
2021-11-16,1.63,0.54,1.0899999999999999
2021-11-17,1.6,0.52,1.08
2021-11-18,1.59,0.52,1.07
2021-11-19,1.54,0.52,1.02
2021-11-22,1.63,0.63,0.9999999999999999
2021-11-23,1.67,0.6,1.0699999999999998
2021-11-24,1.64,0.64,0.9999999999999999
2021-11-25,,,
2021-11-26,1.48,0.5,0.98
2021-11-29,1.52,0.51,1.01
2021-11-30,1.43,0.52,0.9099999999999999
2021-12-01,1.43,0.56,0.8699999999999999
2021-12-02,1.44,0.63,0.8099999999999999
2021-12-03,1.35,0.6,0.7500000000000001
2021-12-06,1.43,0.65,0.7799999999999999
2021-12-07,1.48,0.7,0.78
2021-12-08,1.52,0.68,0.84
2021-12-09,1.49,0.7,0.79
2021-12-10,1.48,0.67,0.8099999999999999
2021-12-13,1.42,0.66,0.7599999999999999
2021-12-14,1.44,0.67,0.7699999999999999
2021-12-15,1.47,0.69,0.78
2021-12-16,1.44,0.64,0.7999999999999999
2021-12-17,1.41,0.66,0.7499999999999999
2021-12-20,1.43,0.65,0.7799999999999999
2021-12-21,1.48,0.7,0.78
2021-12-22,1.46,0.68,0.7799999999999999
2021-12-23,1.5,0.71,0.79
2021-12-24,,,
2021-12-27,1.48,0.76,0.72
2021-12-28,1.49,0.74,0.75
2021-12-29,1.55,0.75,0.8
2021-12-30,1.52,0.73,0.79
2021-12-31,1.52,0.73,0.79
2022-01-03,1.63,0.78,0.8499999999999999
2022-01-04,1.66,0.77,0.8899999999999999
2022-01-05,1.71,0.83,0.88
2022-01-06,1.73,0.88,0.85
2022-01-07,1.76,0.87,0.89
2022-01-10,1.78,0.92,0.86
2022-01-11,1.75,0.9,0.85
2022-01-12,1.74,0.92,0.82
2022-01-13,1.7,0.91,0.7899999999999999
2022-01-14,1.78,0.99,0.79
2022-01-17,,,
2022-01-18,1.87,1.06,0.81
2022-01-19,1.83,1.04,0.79
2022-01-20,1.83,1.08,0.75
2022-01-21,1.75,1.01,0.74
2022-01-24,1.75,0.99,0.76
2022-01-25,1.78,1.02,0.76
2022-01-26,1.85,1.13,0.7200000000000002
2022-01-27,1.81,1.18,0.6300000000000001
2022-01-28,1.78,1.15,0.6300000000000001
2022-01-31,1.79,1.18,0.6100000000000001
2022-02-01,1.81,1.18,0.6300000000000001
2022-02-02,1.78,1.16,0.6200000000000001
2022-02-03,1.82,1.19,0.6300000000000001
2022-02-04,1.93,1.31,0.6199999999999999
2022-02-07,1.92,1.3,0.6199999999999999
2022-02-08,1.96,1.35,0.6099999999999999
2022-02-09,1.94,1.36,0.5799999999999998
2022-02-10,2.03,1.61,0.4199999999999997
2022-02-11,1.92,1.5,0.41999999999999993
2022-02-14,1.98,1.58,0.3999999999999999
2022-02-15,2.05,1.58,0.46999999999999975
2022-02-16,2.03,1.52,0.5099999999999998
2022-02-17,1.97,1.49,0.48
2022-02-18,1.92,1.47,0.44999999999999996
2022-02-21,,,
2022-02-22,1.94,1.56,0.3799999999999999
2022-02-23,1.99,1.58,0.4099999999999999
2022-02-24,1.96,1.54,0.41999999999999993
2022-02-25,1.97,1.55,0.41999999999999993
2022-02-28,1.83,1.44,0.3900000000000001
2022-03-01,1.72,1.31,0.4099999999999999
2022-03-02,1.86,1.5,0.3600000000000001
2022-03-03,1.86,1.53,0.33000000000000007
2022-03-04,1.74,1.5,0.24
2022-03-07,1.78,1.55,0.22999999999999998
2022-03-08,1.86,1.63,0.2300000000000002
2022-03-09,1.94,1.68,0.26
2022-03-10,1.98,1.72,0.26
2022-03-11,2.0,1.75,0.25
2022-03-14,2.14,1.87,0.27
2022-03-15,2.15,1.85,0.2999999999999998
2022-03-16,2.19,1.95,0.24
2022-03-17,2.2,1.94,0.26000000000000023
2022-03-18,2.14,1.97,0.17000000000000015
2022-03-21,2.32,2.14,0.17999999999999972
2022-03-22,2.38,2.18,0.19999999999999973
2022-03-23,2.32,2.13,0.18999999999999995
2022-03-24,2.34,2.13,0.20999999999999996
2022-03-25,2.48,2.3,0.18000000000000016
2022-03-28,2.46,2.35,0.10999999999999988
2022-03-29,2.41,2.35,0.06000000000000005
2022-03-30,2.35,2.31,0.040000000000000036
2022-03-31,2.32,2.28,0.040000000000000036
2022-04-01,2.39,2.44,-0.04999999999999982
2022-04-04,2.42,2.43,-0.010000000000000231
2022-04-05,2.54,2.51,0.03000000000000025
2022-04-06,2.61,2.5,0.10999999999999988
2022-04-07,2.66,2.47,0.18999999999999995
2022-04-08,2.72,2.53,0.1900000000000004
2022-04-11,2.79,2.5,0.29000000000000004
2022-04-12,2.72,2.39,0.33000000000000007
2022-04-13,2.7,2.37,0.33000000000000007
2022-04-14,2.83,2.47,0.3599999999999999
2022-04-15,,,
2022-04-18,2.85,2.46,0.3900000000000001
2022-04-19,2.93,2.61,0.3200000000000003
2022-04-20,2.85,2.6,0.25
2022-04-21,2.9,2.68,0.21999999999999975
2022-04-22,2.9,2.72,0.17999999999999972
2022-04-25,2.81,2.63,0.18000000000000016
2022-04-26,2.77,2.54,0.22999999999999998
2022-04-27,2.82,2.58,0.23999999999999977
2022-04-28,2.85,2.63,0.2200000000000002
2022-04-29,2.89,2.7,0.18999999999999995
2022-05-02,2.99,2.73,0.26000000000000023
2022-05-03,2.97,2.78,0.1900000000000004
2022-05-04,2.93,2.66,0.27
2022-05-05,3.05,2.71,0.33999999999999986
2022-05-06,3.12,2.72,0.3999999999999999
2022-05-09,3.05,2.61,0.43999999999999995
2022-05-10,2.99,2.62,0.3700000000000001
2022-05-11,2.91,2.66,0.25
2022-05-12,2.84,2.56,0.2799999999999998
2022-05-13,2.93,2.61,0.3200000000000003
2022-05-16,2.88,2.58,0.2999999999999998
2022-05-17,2.98,2.71,0.27
2022-05-18,2.89,2.68,0.20999999999999996
2022-05-19,2.84,2.63,0.20999999999999996
2022-05-20,2.78,2.6,0.17999999999999972
2022-05-23,2.86,2.65,0.20999999999999996
2022-05-24,2.76,2.5,0.2599999999999998
2022-05-25,2.75,2.48,0.27
2022-05-26,2.75,2.46,0.29000000000000004
2022-05-27,2.74,2.47,0.27
2022-05-30,,,
2022-05-31,2.85,2.53,0.3200000000000003
2022-06-01,2.94,2.66,0.2799999999999998
2022-06-02,2.92,2.65,0.27
2022-06-03,2.96,2.66,0.2999999999999998
2022-06-06,3.04,2.73,0.31000000000000005
2022-06-07,2.98,2.75,0.22999999999999998
2022-06-08,3.03,2.78,0.25
2022-06-09,3.04,2.83,0.20999999999999996
2022-06-10,3.15,3.06,0.08999999999999986
2022-06-13,3.43,3.4,0.03000000000000025
2022-06-14,3.49,3.45,0.040000000000000036
2022-06-15,3.33,3.2,0.1299999999999999
2022-06-16,3.28,3.14,0.13999999999999968
2022-06-17,3.25,3.17,0.08000000000000007
2022-06-20,,,
2022-06-21,3.31,3.21,0.10000000000000009
2022-06-22,3.16,3.06,0.10000000000000009
2022-06-23,3.09,3.01,0.08000000000000007
2022-06-24,3.13,3.04,0.08999999999999986
2022-06-27,3.2,3.08,0.1200000000000001
2022-06-28,3.2,3.1,0.10000000000000009
2022-06-29,3.1,3.06,0.040000000000000036
2022-06-30,2.98,2.92,0.06000000000000005
2022-07-01,2.88,2.84,0.040000000000000036
2022-07-04,,,
2022-07-05,2.82,2.82,0.0
2022-07-06,2.93,2.97,-0.040000000000000036
2022-07-07,3.01,3.03,-0.020000000000000018
2022-07-08,3.09,3.12,-0.03000000000000025
2022-07-11,2.99,3.07,-0.07999999999999963
2022-07-12,2.96,3.03,-0.06999999999999984
2022-07-13,2.91,3.13,-0.21999999999999975
2022-07-14,2.96,3.15,-0.18999999999999995
2022-07-15,2.93,3.13,-0.19999999999999973
2022-07-18,2.96,3.15,-0.18999999999999995
2022-07-19,3.01,3.23,-0.2200000000000002
2022-07-20,3.04,3.25,-0.20999999999999996
2022-07-21,2.91,3.1,-0.18999999999999995
2022-07-22,2.77,2.98,-0.20999999999999996
2022-07-25,2.81,3.0,-0.18999999999999995
2022-07-26,2.81,3.02,-0.20999999999999996
2022-07-27,2.78,2.96,-0.18000000000000016
2022-07-28,2.68,2.85,-0.16999999999999993
2022-07-29,2.67,2.89,-0.2200000000000002
2022-08-01,2.6,2.9,-0.2999999999999998
2022-08-02,2.75,3.06,-0.31000000000000005
2022-08-03,2.73,3.1,-0.3700000000000001
2022-08-04,2.68,3.03,-0.34999999999999964
2022-08-05,2.83,3.24,-0.41000000000000014
2022-08-08,2.77,3.21,-0.43999999999999995
2022-08-09,2.8,3.28,-0.48
2022-08-10,2.78,3.23,-0.4500000000000002
2022-08-11,2.87,3.23,-0.3599999999999999
2022-08-12,2.84,3.25,-0.41000000000000014
2022-08-15,2.79,3.2,-0.41000000000000014
2022-08-16,2.82,3.25,-0.43000000000000016
2022-08-17,2.89,3.28,-0.3899999999999997
2022-08-18,2.88,3.22,-0.3400000000000003
2022-08-19,2.98,3.25,-0.27
2022-08-22,3.03,3.32,-0.29000000000000004
2022-08-23,3.05,3.29,-0.2400000000000002
2022-08-24,3.11,3.36,-0.25
2022-08-25,3.03,3.35,-0.3200000000000003
2022-08-26,3.04,3.37,-0.33000000000000007
2022-08-29,3.12,3.42,-0.2999999999999998
2022-08-30,3.11,3.46,-0.3500000000000001
2022-08-31,3.15,3.45,-0.30000000000000027
2022-09-01,3.26,3.51,-0.25
2022-09-02,3.2,3.4,-0.19999999999999973
2022-09-05,,,
2022-09-06,3.33,3.5,-0.16999999999999993
2022-09-07,3.27,3.45,-0.18000000000000016
2022-09-08,3.29,3.48,-0.18999999999999995
2022-09-09,3.33,3.56,-0.22999999999999998
2022-09-12,3.37,3.58,-0.20999999999999996
2022-09-13,3.42,3.75,-0.33000000000000007
2022-09-14,3.41,3.78,-0.36999999999999966
2022-09-15,3.45,3.87,-0.41999999999999993
2022-09-16,3.45,3.85,-0.3999999999999999
2022-09-19,3.49,3.95,-0.45999999999999996
2022-09-20,3.57,3.96,-0.3900000000000001
2022-09-21,3.51,4.02,-0.5099999999999998
2022-09-22,3.7,4.11,-0.41000000000000014
2022-09-23,3.69,4.2,-0.5100000000000002
2022-09-26,3.88,4.27,-0.3899999999999997
2022-09-27,3.97,4.3,-0.3299999999999996
2022-09-28,3.72,4.07,-0.3500000000000001
2022-09-29,3.76,4.16,-0.40000000000000036
2022-09-30,3.83,4.22,-0.3899999999999997
2022-10-03,3.67,4.12,-0.4500000000000002
2022-10-04,3.62,4.1,-0.47999999999999954
2022-10-05,3.76,4.15,-0.39000000000000057
2022-10-06,3.83,4.23,-0.40000000000000036
2022-10-07,3.89,4.3,-0.4099999999999997
2022-10-10,,,
2022-10-11,3.93,4.3,-0.36999999999999966
2022-10-12,3.91,4.28,-0.3700000000000001
2022-10-13,3.97,4.47,-0.49999999999999956
2022-10-14,4.0,4.48,-0.4800000000000004
2022-10-17,4.02,4.45,-0.4300000000000006
2022-10-18,4.01,4.43,-0.41999999999999993
2022-10-19,4.14,4.55,-0.41000000000000014
2022-10-20,4.24,4.62,-0.3799999999999999
2022-10-21,4.21,4.49,-0.28000000000000025
2022-10-24,4.25,4.5,-0.25
2022-10-25,4.1,4.42,-0.3200000000000003
2022-10-26,4.04,4.39,-0.34999999999999964
2022-10-27,3.96,4.3,-0.33999999999999986
2022-10-28,4.02,4.41,-0.39000000000000057
2022-10-31,4.1,4.51,-0.41000000000000014
2022-11-01,4.07,4.54,-0.46999999999999975
2022-11-02,4.1,4.61,-0.5100000000000007
2022-11-03,4.14,4.71,-0.5700000000000003
2022-11-04,4.17,4.66,-0.4900000000000002
2022-11-07,4.22,4.72,-0.5
2022-11-08,4.14,4.67,-0.5300000000000002
2022-11-09,4.12,4.61,-0.4900000000000002
2022-11-10,3.82,4.34,-0.52
2022-11-11,,,
2022-11-14,3.88,4.4,-0.5200000000000005
2022-11-15,3.8,4.37,-0.5700000000000003
2022-11-16,3.67,4.35,-0.6799999999999997
2022-11-17,3.77,4.43,-0.6599999999999997
2022-11-18,3.82,4.51,-0.69
2022-11-21,3.83,4.48,-0.6500000000000004
2022-11-22,3.76,4.47,-0.71
2022-11-23,3.71,4.46,-0.75
2022-11-24,,,
2022-11-25,3.68,4.42,-0.7399999999999998
2022-11-28,3.69,4.46,-0.77
2022-11-29,3.75,4.48,-0.7300000000000004
2022-11-30,3.68,4.38,-0.6999999999999997
2022-12-01,3.53,4.25,-0.7200000000000002
2022-12-02,3.51,4.28,-0.7700000000000005
2022-12-05,3.6,4.41,-0.81
2022-12-06,3.51,4.34,-0.8300000000000001
2022-12-07,3.42,4.26,-0.8399999999999999
2022-12-08,3.48,4.31,-0.8299999999999996
2022-12-09,3.57,4.33,-0.7600000000000002
2022-12-12,3.61,4.39,-0.7799999999999998
2022-12-13,3.51,4.22,-0.71
2022-12-14,3.49,4.23,-0.7400000000000002
2022-12-15,3.44,4.23,-0.7900000000000005
2022-12-16,3.48,4.17,-0.69
2022-12-19,3.57,4.25,-0.6800000000000002
2022-12-20,3.69,4.25,-0.56
2022-12-21,3.68,4.21,-0.5299999999999998
2022-12-22,3.67,4.24,-0.5700000000000003
2022-12-23,3.75,4.31,-0.5599999999999996
2022-12-26,,,
2022-12-27,3.84,4.32,-0.4800000000000004
2022-12-28,3.88,4.31,-0.4299999999999997
2022-12-29,3.83,4.34,-0.5099999999999998
2022-12-30,3.88,4.41,-0.5300000000000002
2023-01-02,,,
2023-01-03,3.79,4.4,-0.6100000000000003
2023-01-04,3.69,4.36,-0.6700000000000004
2023-01-05,3.71,4.45,-0.7400000000000002
2023-01-06,3.55,4.24,-0.6900000000000004
2023-01-09,3.53,4.19,-0.6600000000000006
2023-01-10,3.61,4.24,-0.6300000000000003
2023-01-11,3.54,4.2,-0.6600000000000001
2023-01-12,3.43,4.12,-0.69
2023-01-13,3.49,4.22,-0.7299999999999995
2023-01-16,,,
2023-01-17,3.53,4.18,-0.6499999999999999
2023-01-18,3.37,4.06,-0.6899999999999995
2023-01-19,3.39,4.09,-0.6999999999999997
2023-01-20,3.48,4.14,-0.6599999999999997
2023-01-23,3.52,4.21,-0.69
2023-01-24,3.46,4.12,-0.6600000000000001
2023-01-25,3.46,4.11,-0.6500000000000004
2023-01-26,3.49,4.17,-0.6799999999999997
2023-01-27,3.52,4.19,-0.6700000000000004
2023-01-30,3.55,4.25,-0.7000000000000002
2023-01-31,3.52,4.21,-0.69
2023-02-01,3.39,4.09,-0.6999999999999997
2023-02-02,3.4,4.09,-0.69
2023-02-03,3.53,4.3,-0.77
2023-02-06,3.63,4.44,-0.8100000000000005
2023-02-07,3.67,4.47,-0.7999999999999998
2023-02-08,3.63,4.45,-0.8200000000000003
2023-02-09,3.67,4.48,-0.8100000000000005
2023-02-10,3.74,4.5,-0.7599999999999998
2023-02-13,3.72,4.52,-0.7999999999999994
2023-02-14,3.77,4.6,-0.8299999999999996
2023-02-15,3.81,4.62,-0.81
2023-02-16,3.86,4.62,-0.7600000000000002
2023-02-17,3.82,4.6,-0.7799999999999998
2023-02-20,,,
2023-02-21,3.95,4.67,-0.7199999999999998
2023-02-22,3.93,4.66,-0.73
2023-02-23,3.88,4.66,-0.7800000000000002
2023-02-24,3.95,4.78,-0.8300000000000001
2023-02-27,3.92,4.78,-0.8600000000000003
2023-02-28,3.92,4.81,-0.8899999999999997
2023-03-01,4.01,4.89,-0.8799999999999999
2023-03-02,4.08,4.89,-0.8099999999999996
2023-03-03,3.97,4.86,-0.8900000000000001
2023-03-06,3.98,4.89,-0.9099999999999997
2023-03-07,3.97,5.0,-1.0299999999999998
2023-03-08,3.98,5.05,-1.0699999999999998
2023-03-09,3.93,4.9,-0.9700000000000002
2023-03-10,3.7,4.6,-0.8999999999999995
2023-03-13,3.55,4.03,-0.4800000000000004
2023-03-14,3.64,4.2,-0.56
2023-03-15,3.51,3.93,-0.4200000000000004
2023-03-16,3.56,4.14,-0.5799999999999996
2023-03-17,3.39,3.81,-0.41999999999999993
2023-03-20,3.47,3.92,-0.44999999999999973
2023-03-21,3.59,4.17,-0.5800000000000001
2023-03-22,3.48,3.96,-0.48
2023-03-23,3.38,3.76,-0.3799999999999999
2023-03-24,3.38,3.76,-0.3799999999999999
2023-03-27,3.53,3.94,-0.41000000000000014
2023-03-28,3.55,4.02,-0.46999999999999975
2023-03-29,3.57,4.08,-0.5100000000000002
2023-03-30,3.55,4.1,-0.5499999999999998
2023-03-31,3.48,4.06,-0.5799999999999996
2023-04-03,3.43,3.97,-0.54
2023-04-04,3.35,3.84,-0.48999999999999977
2023-04-05,3.3,3.79,-0.4900000000000002
2023-04-06,3.3,3.82,-0.52
2023-04-07,3.39,3.97,-0.5800000000000001
2023-04-10,3.41,4.0,-0.5899999999999999
2023-04-11,3.43,4.03,-0.6000000000000001
2023-04-12,3.41,3.95,-0.54
2023-04-13,3.45,3.96,-0.5099999999999998
2023-04-14,3.52,4.08,-0.56
2023-04-17,3.6,4.18,-0.5799999999999996
2023-04-18,3.58,4.19,-0.6100000000000003
2023-04-19,3.6,4.24,-0.6400000000000001
2023-04-20,3.54,4.14,-0.5999999999999996
2023-04-21,3.57,4.17,-0.6000000000000001
2023-04-24,3.52,4.12,-0.6000000000000001
2023-04-25,3.4,3.86,-0.45999999999999996
2023-04-26,3.43,3.9,-0.46999999999999975
2023-04-27,3.53,4.07,-0.5400000000000005
2023-04-28,3.44,4.04,-0.6000000000000001
2023-05-01,3.59,4.14,-0.5499999999999998
2023-05-02,3.44,3.97,-0.5300000000000002
2023-05-03,3.38,3.89,-0.5100000000000002
2023-05-04,3.37,3.75,-0.3799999999999999
2023-05-05,3.44,3.92,-0.48
2023-05-08,3.52,4.0,-0.48
2023-05-09,3.53,4.01,-0.48
2023-05-10,3.43,3.9,-0.46999999999999975
2023-05-11,3.39,3.89,-0.5
2023-05-12,3.46,3.98,-0.52
2023-05-15,3.5,3.99,-0.4900000000000002
2023-05-16,3.54,4.06,-0.5199999999999996
2023-05-17,3.57,4.12,-0.5500000000000003
2023-05-18,3.65,4.24,-0.5900000000000003
2023-05-19,3.7,4.28,-0.5800000000000001
2023-05-22,3.72,4.29,-0.5699999999999998
2023-05-23,3.7,4.26,-0.5599999999999996
2023-05-24,3.73,4.31,-0.5799999999999996
2023-05-25,3.83,4.5,-0.6699999999999999
2023-05-26,3.8,4.54,-0.7400000000000002
2023-05-29,,,
2023-05-30,3.69,4.46,-0.77
2023-05-31,3.64,4.4,-0.7600000000000002
2023-06-01,3.61,4.33,-0.7200000000000002
2023-06-02,3.69,4.5,-0.81
2023-06-05,3.69,4.46,-0.77
2023-06-06,3.7,4.51,-0.8099999999999996
2023-06-07,3.79,4.56,-0.7699999999999996
2023-06-08,3.73,4.52,-0.7899999999999996
2023-06-09,3.75,4.59,-0.8399999999999999
2023-06-12,3.73,4.55,-0.8199999999999998
2023-06-13,3.84,4.67,-0.8300000000000001
2023-06-14,3.83,4.74,-0.9100000000000001
2023-06-15,3.72,4.62,-0.8999999999999999
2023-06-16,3.77,4.7,-0.9300000000000002
2023-06-19,,,
2023-06-20,3.74,4.68,-0.9399999999999995
2023-06-21,3.72,4.68,-0.9599999999999995
2023-06-22,3.8,4.77,-0.9699999999999998
2023-06-23,3.74,4.71,-0.9699999999999998
2023-06-26,3.72,4.65,-0.9300000000000002
2023-06-27,3.77,4.74,-0.9700000000000002
2023-06-28,3.71,4.71,-1.0
2023-06-29,3.85,4.87,-1.02
2023-06-30,3.81,4.87,-1.06
2023-07-03,3.86,4.94,-1.0800000000000005
2023-07-04,,,
2023-07-05,3.95,4.94,-0.9900000000000002
2023-07-06,4.05,4.99,-0.9400000000000004
2023-07-07,4.06,4.94,-0.8800000000000008
2023-07-10,4.01,4.85,-0.8399999999999999
2023-07-11,3.99,4.88,-0.8899999999999997
2023-07-12,3.86,4.72,-0.8599999999999999
2023-07-13,3.76,4.59,-0.8300000000000001
2023-07-14,3.83,4.74,-0.9100000000000001
2023-07-17,3.81,4.74,-0.9300000000000002
2023-07-18,3.8,4.74,-0.9400000000000004
2023-07-19,3.75,4.74,-0.9900000000000002
2023-07-20,3.85,4.8,-0.9499999999999997
2023-07-21,3.84,4.82,-0.9800000000000004
2023-07-24,3.86,4.81,-0.9499999999999997
2023-07-25,3.91,4.85,-0.9399999999999995
2023-07-26,3.86,4.82,-0.9600000000000004
2023-07-27,4.01,4.91,-0.9000000000000004
2023-07-28,3.96,4.87,-0.9100000000000001
2023-07-31,3.97,4.88,-0.9099999999999997
2023-08-01,4.05,4.92,-0.8700000000000001
2023-08-02,4.08,4.88,-0.7999999999999998
2023-08-03,4.2,4.9,-0.7000000000000002
2023-08-04,4.05,4.78,-0.7300000000000004
2023-08-07,4.09,4.76,-0.6699999999999999
2023-08-08,4.02,4.74,-0.7200000000000006
2023-08-09,4.0,4.79,-0.79
2023-08-10,4.09,4.82,-0.7300000000000004
2023-08-11,4.16,4.89,-0.7299999999999995
2023-08-14,4.19,4.96,-0.7699999999999996
2023-08-15,4.21,4.92,-0.71
2023-08-16,4.28,4.97,-0.6899999999999995
2023-08-17,4.3,4.94,-0.6400000000000006
2023-08-18,4.26,4.92,-0.6600000000000001
2023-08-21,4.34,4.97,-0.6299999999999999
2023-08-22,4.34,5.02,-0.6799999999999997
2023-08-23,4.19,4.95,-0.7599999999999998
2023-08-24,4.23,4.98,-0.75
2023-08-25,4.25,5.03,-0.7800000000000002
2023-08-28,4.2,4.98,-0.7800000000000002
2023-08-29,4.12,4.87,-0.75
2023-08-30,4.12,4.9,-0.7800000000000002
2023-08-31,4.09,4.85,-0.7599999999999998
2023-09-01,4.18,4.87,-0.6900000000000004
2023-09-04,,,
2023-09-05,4.27,4.94,-0.6700000000000008
2023-09-06,4.3,5.01,-0.71
2023-09-07,4.27,4.94,-0.6700000000000008
2023-09-08,4.26,4.98,-0.7200000000000006
2023-09-11,4.29,4.97,-0.6799999999999997
2023-09-12,4.27,4.98,-0.7100000000000009
2023-09-13,4.25,4.96,-0.71
2023-09-14,4.29,5.0,-0.71
2023-09-15,4.33,5.02,-0.6899999999999995
2023-09-18,4.32,5.05,-0.7299999999999995
2023-09-19,4.37,5.08,-0.71
2023-09-20,4.35,5.12,-0.7700000000000005
2023-09-21,4.49,5.12,-0.6299999999999999
2023-09-22,4.44,5.1,-0.6599999999999993
2023-09-25,4.55,5.09,-0.54
2023-09-26,4.56,5.04,-0.4800000000000004
2023-09-27,4.61,5.1,-0.4899999999999993
2023-09-28,4.59,5.04,-0.4500000000000002
2023-09-29,4.59,5.03,-0.4400000000000004
2023-10-02,4.69,5.12,-0.4299999999999997
2023-10-03,4.81,5.15,-0.34000000000000075
2023-10-04,4.73,5.05,-0.3199999999999994
2023-10-05,4.72,5.03,-0.3100000000000005
2023-10-06,4.78,5.08,-0.2999999999999998
2023-10-09,,,
2023-10-10,4.66,4.96,-0.2999999999999998
2023-10-11,4.58,4.99,-0.41000000000000014
2023-10-12,4.7,5.06,-0.35999999999999943
2023-10-13,4.63,5.04,-0.41000000000000014
2023-10-16,4.71,5.09,-0.3799999999999999
2023-10-17,4.83,5.19,-0.3600000000000003
2023-10-18,4.91,5.19,-0.28000000000000025
2023-10-19,4.98,5.14,-0.15999999999999925
2023-10-20,4.93,5.07,-0.14000000000000057
2023-10-23,4.86,5.05,-0.1899999999999995
2023-10-24,4.83,5.02,-0.1899999999999995
2023-10-25,4.95,5.08,-0.1299999999999999
2023-10-26,4.86,5.02,-0.15999999999999925
2023-10-27,4.84,4.99,-0.15000000000000036
2023-10-30,4.88,5.03,-0.15000000000000036
2023-10-31,4.88,5.07,-0.1900000000000004
2023-11-01,4.77,4.95,-0.1800000000000006
2023-11-02,4.67,4.98,-0.3100000000000005
2023-11-03,4.57,4.83,-0.2599999999999998
2023-11-06,4.67,4.93,-0.2599999999999998
2023-11-07,4.58,4.91,-0.33000000000000007
2023-11-08,4.49,4.93,-0.4399999999999995
2023-11-09,4.62,5.03,-0.41000000000000014
2023-11-10,4.61,5.04,-0.4299999999999997
2023-11-13,4.63,5.02,-0.3899999999999997
2023-11-14,4.44,4.8,-0.35999999999999943
2023-11-15,4.53,4.9,-0.3700000000000001
2023-11-16,4.45,4.83,-0.3799999999999999
2023-11-17,4.44,4.88,-0.4399999999999995
2023-11-20,4.42,4.89,-0.46999999999999975
2023-11-21,4.41,4.86,-0.4500000000000002
2023-11-22,4.42,4.89,-0.46999999999999975
2023-11-23,,,
2023-11-24,4.47,4.92,-0.4500000000000002
2023-11-27,4.39,4.84,-0.4500000000000002
2023-11-28,4.34,4.73,-0.39000000000000057
2023-11-29,4.27,4.64,-0.3700000000000001
2023-11-30,4.37,4.73,-0.3600000000000003
2023-12-01,4.22,4.56,-0.33999999999999986
2023-12-04,4.28,4.64,-0.35999999999999943
2023-12-05,4.18,4.57,-0.39000000000000057
2023-12-06,4.12,4.6,-0.47999999999999954
2023-12-07,4.14,4.58,-0.4400000000000004
2023-12-08,4.23,4.71,-0.47999999999999954
2023-12-11,4.23,4.71,-0.47999999999999954
2023-12-12,4.2,4.73,-0.5300000000000002
2023-12-13,4.04,4.46,-0.41999999999999993
2023-12-14,3.92,4.37,-0.4500000000000002
2023-12-15,3.91,4.44,-0.5300000000000002
2023-12-18,3.95,4.43,-0.47999999999999954
2023-12-19,3.93,4.41,-0.48
2023-12-20,3.86,4.34,-0.48
2023-12-21,3.89,4.33,-0.43999999999999995
2023-12-22,3.9,4.31,-0.4099999999999997
2023-12-25,,,
2023-12-26,3.89,4.26,-0.36999999999999966
2023-12-27,3.79,4.2,-0.41000000000000014
2023-12-28,3.84,4.26,-0.41999999999999993
2023-12-29,3.88,4.23,-0.35000000000000053
2024-01-01,,,
2024-01-02,3.95,4.33,-0.3799999999999999
2024-01-03,3.91,4.33,-0.41999999999999993
2024-01-04,3.99,4.38,-0.3899999999999997
2024-01-05,4.05,4.4,-0.35000000000000053
2024-01-08,4.01,4.36,-0.35000000000000053
2024-01-09,4.02,4.36,-0.34000000000000075
2024-01-10,4.04,4.37,-0.33000000000000007
2024-01-11,3.98,4.26,-0.2799999999999998
2024-01-12,3.96,4.14,-0.17999999999999972
2024-01-15,,,
2024-01-16,4.07,4.22,-0.14999999999999947
2024-01-17,4.1,4.34,-0.2400000000000002
2024-01-18,4.14,4.34,-0.20000000000000018
2024-01-19,4.15,4.39,-0.23999999999999932
2024-01-22,4.11,4.37,-0.2599999999999998
2024-01-23,4.14,4.31,-0.16999999999999993
2024-01-24,4.18,4.34,-0.16000000000000014
2024-01-25,4.14,4.28,-0.14000000000000057
2024-01-26,4.15,4.34,-0.1899999999999995
2024-01-29,4.08,4.29,-0.20999999999999996
2024-01-30,4.06,4.36,-0.3000000000000007
2024-01-31,3.99,4.27,-0.27999999999999936
2024-02-01,3.87,4.2,-0.33000000000000007
2024-02-02,4.03,4.36,-0.33000000000000007
2024-02-05,4.17,4.46,-0.29000000000000004
2024-02-06,4.09,4.39,-0.2999999999999998
2024-02-07,4.09,4.41,-0.3200000000000003
2024-02-08,4.15,4.46,-0.3099999999999996
2024-02-09,4.17,4.48,-0.3100000000000005
2024-02-12,4.17,4.46,-0.29000000000000004
2024-02-13,4.31,4.64,-0.33000000000000007
2024-02-14,4.27,4.56,-0.29000000000000004
2024-02-15,4.24,4.56,-0.3199999999999994
2024-02-16,4.3,4.64,-0.33999999999999986
2024-02-19,,,
2024-02-20,4.27,4.59,-0.3200000000000003
2024-02-21,4.32,4.64,-0.3199999999999994
2024-02-22,4.33,4.69,-0.3600000000000003
2024-02-23,4.26,4.67,-0.41000000000000014
2024-02-26,4.28,4.69,-0.41000000000000014
2024-02-27,4.31,4.7,-0.39000000000000057
2024-02-28,4.27,4.64,-0.3700000000000001
2024-02-29,4.25,4.64,-0.3899999999999997
2024-03-01,4.19,4.54,-0.34999999999999964
2024-03-04,4.22,4.61,-0.39000000000000057
2024-03-05,4.13,4.54,-0.41000000000000014
2024-03-06,4.11,4.55,-0.4399999999999995
2024-03-07,4.09,4.5,-0.41000000000000014
2024-03-08,4.09,4.48,-0.39000000000000057
2024-03-11,4.1,4.51,-0.41000000000000014
2024-03-12,4.16,4.58,-0.41999999999999993
2024-03-13,4.19,4.61,-0.41999999999999993
2024-03-14,4.29,4.68,-0.3899999999999997
2024-03-15,4.31,4.72,-0.41000000000000014
2024-03-18,4.34,4.73,-0.39000000000000057
2024-03-19,4.3,4.68,-0.3799999999999999
2024-03-20,4.27,4.59,-0.3200000000000003
2024-03-21,4.27,4.62,-0.35000000000000053
2024-03-22,4.22,4.59,-0.3700000000000001
2024-03-25,4.25,4.54,-0.29000000000000004
2024-03-26,4.24,4.56,-0.3199999999999994
2024-03-27,4.2,4.54,-0.33999999999999986
2024-03-28,4.2,4.59,-0.3899999999999997
2024-03-29,,,
2024-04-01,4.33,4.72,-0.3899999999999997
2024-04-02,4.36,4.7,-0.33999999999999986
2024-04-03,4.36,4.68,-0.3199999999999994
2024-04-04,4.31,4.65,-0.34000000000000075
2024-04-05,4.39,4.73,-0.34000000000000075
2024-04-08,4.42,4.78,-0.3600000000000003
2024-04-09,4.36,4.74,-0.3799999999999999
2024-04-10,4.55,4.97,-0.41999999999999993
2024-04-11,4.56,4.93,-0.3700000000000001
2024-04-12,4.5,4.88,-0.3799999999999999
2024-04-15,4.63,4.93,-0.2999999999999998
2024-04-16,4.67,4.97,-0.2999999999999998
2024-04-17,4.59,4.93,-0.33999999999999986
2024-04-18,4.64,4.98,-0.34000000000000075
2024-04-19,4.62,4.97,-0.34999999999999964
2024-04-22,4.62,4.97,-0.34999999999999964
2024-04-23,4.61,4.86,-0.25
2024-04-24,4.65,4.89,-0.23999999999999932
2024-04-25,4.7,4.96,-0.2599999999999998
2024-04-26,4.67,4.96,-0.29000000000000004
2024-04-29,4.63,4.97,-0.33999999999999986
2024-04-30,4.69,5.04,-0.34999999999999964
2024-05-01,4.63,4.96,-0.33000000000000007
2024-05-02,4.58,4.87,-0.29000000000000004
2024-05-03,4.5,4.81,-0.3099999999999996
2024-05-06,4.49,4.82,-0.33000000000000007
2024-05-07,4.47,4.82,-0.35000000000000053
2024-05-08,4.48,4.84,-0.35999999999999943
2024-05-09,4.45,4.8,-0.34999999999999964
2024-05-10,4.5,4.87,-0.3700000000000001
2024-05-13,4.48,4.85,-0.3699999999999992
2024-05-14,4.45,4.81,-0.35999999999999943
2024-05-15,4.36,4.73,-0.3700000000000001
2024-05-16,4.38,4.78,-0.40000000000000036
2024-05-17,4.42,4.83,-0.41000000000000014
2024-05-20,4.44,4.82,-0.3799999999999999
2024-05-21,4.41,4.82,-0.41000000000000014
2024-05-22,4.43,4.86,-0.4300000000000006
2024-05-23,4.47,4.91,-0.4400000000000004
2024-05-24,4.46,4.93,-0.46999999999999975
2024-05-27,,,
2024-05-28,4.54,4.94,-0.40000000000000036
2024-05-29,4.61,4.96,-0.34999999999999964
2024-05-30,4.55,4.92,-0.3700000000000001
2024-05-31,4.51,4.89,-0.3799999999999999
2024-06-03,4.41,4.82,-0.41000000000000014
2024-06-04,4.33,4.77,-0.4399999999999995
2024-06-05,4.29,4.72,-0.4299999999999997
2024-06-06,4.28,4.72,-0.4399999999999995
2024-06-07,4.43,4.87,-0.4400000000000004
2024-06-10,4.47,4.87,-0.40000000000000036
2024-06-11,4.39,4.81,-0.41999999999999993
2024-06-12,4.31,4.75,-0.4400000000000004
2024-06-13,4.24,4.68,-0.4399999999999995
2024-06-14,4.2,4.67,-0.46999999999999975
2024-06-17,4.28,4.75,-0.46999999999999975
2024-06-18,4.22,4.69,-0.47000000000000064
2024-06-19,,,
2024-06-20,4.25,4.7,-0.4500000000000002
2024-06-21,4.25,4.7,-0.4500000000000002
2024-06-24,4.25,4.71,-0.45999999999999996
2024-06-25,4.23,4.65,-0.41999999999999993
2024-06-26,4.32,4.71,-0.3899999999999997
2024-06-27,4.29,4.7,-0.41000000000000014
2024-06-28,4.36,4.71,-0.34999999999999964
2024-07-01,4.48,4.77,-0.28999999999999915
2024-07-02,4.43,4.74,-0.3100000000000005
2024-07-03,4.36,4.71,-0.34999999999999964
2024-07-04,,,
2024-07-05,4.28,4.6,-0.3199999999999994
2024-07-08,4.28,4.62,-0.33999999999999986
2024-07-09,4.3,4.62,-0.3200000000000003
2024-07-10,4.28,4.62,-0.33999999999999986
2024-07-11,4.2,4.5,-0.2999999999999998
2024-07-12,4.18,4.45,-0.27000000000000046
2024-07-15,4.23,4.44,-0.20999999999999996
2024-07-16,4.17,4.43,-0.2599999999999998
2024-07-17,4.16,4.42,-0.2599999999999998
2024-07-18,4.2,4.46,-0.2599999999999998
2024-07-19,4.25,4.49,-0.2400000000000002
2024-07-22,4.26,4.5,-0.2400000000000002
2024-07-23,4.25,4.4,-0.15000000000000036
2024-07-24,4.28,4.37,-0.08999999999999986
2024-07-25,4.27,4.41,-0.14000000000000057
2024-07-26,4.2,4.36,-0.16000000000000014
2024-07-29,4.17,4.36,-0.1900000000000004
2024-07-30,4.15,4.35,-0.1999999999999993
2024-07-31,4.09,4.29,-0.20000000000000018
2024-08-01,3.99,4.16,-0.16999999999999993
2024-08-02,3.8,3.88,-0.08000000000000007
2024-08-05,3.78,3.89,-0.11000000000000032
2024-08-06,3.9,3.99,-0.0900000000000003
2024-08-07,3.96,4.0,-0.040000000000000036
2024-08-08,3.99,4.04,-0.04999999999999982
2024-08-09,3.94,4.05,-0.10999999999999988
2024-08-12,3.9,4.01,-0.10999999999999988
2024-08-13,3.85,3.93,-0.08000000000000007
2024-08-14,3.83,3.94,-0.10999999999999988
2024-08-15,3.92,4.08,-0.16000000000000014
2024-08-16,3.89,4.06,-0.16999999999999948
2024-08-19,3.86,4.06,-0.19999999999999973
2024-08-20,3.82,3.99,-0.17000000000000037
2024-08-21,3.79,3.92,-0.1299999999999999
2024-08-22,3.86,3.99,-0.13000000000000034
2024-08-23,3.81,3.9,-0.08999999999999986
2024-08-26,3.82,3.91,-0.0900000000000003
2024-08-27,3.83,3.83,0.0
2024-08-28,3.84,3.83,0.009999999999999787
2024-08-29,3.87,3.87,0.0
2024-08-30,3.91,3.91,0.0
2024-09-02,,,
2024-09-03,3.84,3.88,-0.040000000000000036
2024-09-04,3.77,3.76,0.010000000000000231
2024-09-05,3.73,3.75,-0.020000000000000018
2024-09-06,3.72,3.66,0.06000000000000005
2024-09-09,3.7,3.68,0.020000000000000018
2024-09-10,3.65,3.59,0.06000000000000005
2024-09-11,3.65,3.62,0.029999999999999805
2024-09-12,3.68,3.64,0.040000000000000036
2024-09-13,3.66,3.57,0.0900000000000003
2024-09-16,3.63,3.56,0.06999999999999984
2024-09-17,3.65,3.59,0.06000000000000005
2024-09-18,3.7,3.61,0.0900000000000003
2024-09-19,3.73,3.59,0.14000000000000012
2024-09-20,3.73,3.55,0.18000000000000016
2024-09-23,3.75,3.57,0.18000000000000016
2024-09-24,3.74,3.49,0.25
2024-09-25,3.79,3.53,0.26000000000000023
2024-09-26,3.79,3.6,0.18999999999999995
2024-09-27,3.75,3.55,0.20000000000000018
2024-09-30,3.81,3.66,0.1499999999999999
2024-10-01,3.74,3.61,0.13000000000000034
2024-10-02,3.79,3.63,0.16000000000000014
2024-10-03,3.85,3.7,0.1499999999999999
2024-10-04,3.98,3.93,0.04999999999999982
2024-10-07,4.03,3.99,0.040000000000000036
2024-10-08,4.04,3.98,0.06000000000000005
2024-10-09,4.06,3.99,0.0699999999999994
2024-10-10,4.09,3.98,0.10999999999999988
2024-10-11,4.08,3.95,0.1299999999999999
2024-10-14,,,
2024-10-15,4.03,3.95,0.08000000000000007
2024-10-16,4.02,3.93,0.08999999999999941
2024-10-17,4.09,3.96,0.1299999999999999
2024-10-18,4.08,3.95,0.1299999999999999
2024-10-21,4.19,4.02,0.17000000000000082
2024-10-22,4.2,4.03,0.16999999999999993
2024-10-23,4.24,4.07,0.16999999999999993
2024-10-24,4.21,4.07,0.13999999999999968
2024-10-25,4.25,4.11,0.13999999999999968
2024-10-28,4.28,4.12,0.16000000000000014
2024-10-29,4.28,4.11,0.16999999999999993
2024-10-30,4.29,4.15,0.13999999999999968
2024-10-31,4.28,4.16,0.1200000000000001
2024-11-01,4.37,4.21,0.16000000000000014
2024-11-04,4.31,4.17,0.13999999999999968
2024-11-05,4.26,4.19,0.0699999999999994
2024-11-06,4.42,4.27,0.15000000000000036
2024-11-07,4.31,4.21,0.09999999999999964
2024-11-08,4.3,4.26,0.040000000000000036
2024-11-11,,,
2024-11-12,4.43,4.34,0.08999999999999986
2024-11-13,4.44,4.27,0.17000000000000082
2024-11-14,4.43,4.34,0.08999999999999986
2024-11-15,4.43,4.31,0.1200000000000001
2024-11-18,4.42,4.29,0.1299999999999999
2024-11-19,4.39,4.27,0.1200000000000001
2024-11-20,4.41,4.31,0.10000000000000053
2024-11-21,4.43,4.34,0.08999999999999986
2024-11-22,4.41,4.37,0.040000000000000036
2024-11-25,4.27,4.21,0.05999999999999961
2024-11-26,4.3,4.21,0.08999999999999986
2024-11-27,4.25,4.19,0.05999999999999961
2024-11-28,,,
2024-11-29,4.18,4.13,0.04999999999999982
2024-12-02,4.19,4.17,0.020000000000000462
2024-12-03,4.23,4.17,0.0600000000000005
2024-12-04,4.19,4.13,0.0600000000000005
2024-12-05,4.17,4.15,0.019999999999999574
2024-12-06,4.15,4.1,0.05000000000000071
2024-12-09,4.2,4.13,0.07000000000000028
2024-12-10,4.22,4.15,0.0699999999999994
2024-12-11,4.26,4.15,0.10999999999999943
2024-12-12,4.32,4.18,0.14000000000000057
2024-12-13,4.4,4.25,0.15000000000000036
2024-12-16,4.39,4.25,0.13999999999999968
2024-12-17,4.4,4.25,0.15000000000000036
2024-12-18,4.5,4.35,0.15000000000000036
2024-12-19,4.57,4.32,0.25
2024-12-20,4.52,4.3,0.21999999999999975
2024-12-23,4.59,4.3,0.29000000000000004
2024-12-24,4.59,4.29,0.2999999999999998
2024-12-25,,,
2024-12-26,4.58,4.3,0.28000000000000025
2024-12-27,4.62,4.31,0.3100000000000005
2024-12-30,4.55,4.24,0.3099999999999996
2024-12-31,4.58,4.25,0.33000000000000007
